AssignmentId,PersonId,ProjectId,ProjectRole,StartDate,EndDate,AllocationPercent,ContributionResult
AS0001,P062,PJ008,PM,2023-06-19,2024-01-01,20,目標達成
AS0002,P067,PJ008,AIエンジニア,2023-06-19,2024-01-01,100,課題あり
AS0003,P063,PJ008,テックリード,2023-06-19,2024-01-01,80,高評価
AS0004,P121,PJ008,インフラエンジニア,2023-06-19,2024-01-01,50,目標達成
AS0005,P196,PJ008,業務コンサルタント,2023-06-19,2024-01-01,20,課題あり
AS0006,P189,PJ008,アプリ開発,2023-06-19,2024-01-01,100,高評価
AS0007,P081,PJ008,品質管理,2023-06-19,2024-01-01,30,目標達成
AS0008,P051,PJ029,データエンジニア,2023-07-22,2024-06-03,80,目標達成
AS0009,P170,PJ029,PM,2023-07-22,2024-06-03,30,目標達成
AS0010,P180,PJ029,テックリード,2023-07-22,2024-06-03,80,目標達成
AS0011,P009,PJ029,AIエンジニア,2023-07-22,2024-06-03,100,課題あり
AS0012,P075,PJ029,品質管理,2023-07-22,2024-06-03,30,課題あり
AS0013,P170,PJ014,アプリ開発,2023-08-26,2024-06-16,100,高評価
AS0014,P112,PJ014,アーキテクト,2023-08-26,2024-06-16,50,目標達成
AS0015,P155,PJ014,PM,2023-08-26,2024-06-16,20,高評価
AS0016,P027,PJ014,データエンジニア,2023-08-26,2024-06-16,80,高評価
AS0017,P006,PJ014,インフラエンジニア,2023-08-26,2024-06-16,30,高評価
AS0018,P115,PJ014,業務コンサルタント,2023-08-26,2024-06-16,20,高評価
AS0019,P001,PJ024,業務コンサルタント,2023-09-16,2024-09-05,20,目標達成
AS0020,P020,PJ024,アーキテクト,2023-09-16,2024-09-05,30,目標達成
AS0021,P009,PJ024,品質管理,2023-09-16,2024-09-05,30,目標達成
AS0022,P074,PJ024,AIエンジニア,2023-09-16,2024-09-05,100,課題あり
AS0023,P167,PJ024,PM,2023-09-16,2024-09-05,20,目標達成
AS0024,P195,PJ026,アーキテクト,2023-09-24,2024-05-30,20,目標達成
AS0025,P183,PJ026,アプリ開発,2023-09-24,2024-05-30,100,目標達成
AS0026,P105,PJ026,AIエンジニア,2023-09-24,2024-05-30,80,目標達成
AS0027,P059,PJ026,品質管理,2023-09-24,2024-05-30,20,課題あり
AS0028,P192,PJ026,テックリード,2023-09-24,2024-05-30,100,目標達成
AS0029,P121,PJ026,データエンジニア,2023-09-24,2024-05-30,80,課題あり
AS0030,P149,PJ026,インフラエンジニア,2023-09-24,2024-05-30,20,高評価
AS0031,P180,PJ026,業務コンサルタント,2023-09-24,2024-05-30,30,目標達成
AS0032,P086,PJ030,品質管理,2023-10-11,2024-05-22,20,高評価
AS0033,P187,PJ030,業務コンサルタント,2023-10-11,2024-05-22,50,課題あり
AS0034,P173,PJ030,アーキテクト,2023-10-11,2024-05-22,50,高評価
AS0035,P026,PJ030,アプリ開発,2023-10-11,2024-05-22,80,目標達成
AS0036,P155,PJ030,インフラエンジニア,2023-10-11,2024-05-22,20,課題あり
AS0037,P098,PJ030,AIエンジニア,2023-10-11,2024-05-22,100,課題あり
AS0038,P190,PJ038,アプリ開発,2023-12-30,2024-12-21,80,目標達成
AS0039,P062,PJ038,AIエンジニア,2023-12-30,2024-12-21,80,高評価
AS0040,P176,PJ038,インフラエンジニア,2023-12-30,2024-12-21,50,目標達成
AS0041,P103,PJ038,業務コンサルタント,2023-12-30,2024-12-21,30,目標達成
AS0042,P010,PJ038,品質管理,2023-12-30,2024-12-21,50,目標達成
AS0043,P195,PJ038,PM,2023-12-30,2024-12-21,50,課題あり
AS0044,P060,PJ038,データエンジニア,2023-12-30,2024-12-21,80,目標達成
AS0045,P017,PJ038,アーキテクト,2023-12-30,2024-12-21,30,目標達成
AS0046,P136,PJ036,PM,2024-01-19,2024-09-20,20,課題あり
AS0047,P013,PJ036,AIエンジニア,2024-01-19,2024-09-20,100,高評価
AS0048,P164,PJ036,アプリ開発,2024-01-19,2024-09-20,100,目標達成
AS0049,P173,PJ036,テックリード,2024-01-19,2024-09-20,100,課題あり
AS0050,P152,PJ036,インフラエンジニア,2024-01-19,2024-09-20,50,課題あり
AS0051,P015,PJ036,データエンジニア,2024-01-19,2024-09-20,100,目標達成
AS0052,P020,PJ018,アーキテクト,2024-02-14,2024-08-21,50,課題あり
AS0053,P003,PJ018,品質管理,2024-02-14,2024-08-21,50,目標達成
AS0054,P195,PJ018,PM,2024-02-14,2024-08-21,30,目標達成
AS0055,P050,PJ018,データエンジニア,2024-02-14,2024-08-21,100,目標達成
AS0056,P176,PJ018,業務コンサルタント,2024-02-14,2024-08-21,30,課題あり
AS0057,P083,PJ018,インフラエンジニア,2024-02-14,2024-08-21,30,高評価
AS0058,P055,PJ018,テックリード,2024-02-14,2024-08-21,100,目標達成
AS0059,P115,PJ018,AIエンジニア,2024-02-14,2024-08-21,80,課題あり
AS0060,P176,PJ017,AIエンジニア,2024-02-26,2025-03-07,100,高評価
AS0061,P103,PJ017,PM,2024-02-26,2025-03-07,20,高評価
AS0062,P163,PJ017,アーキテクト,2024-02-26,2025-03-07,20,目標達成
AS0063,P113,PJ017,インフラエンジニア,2024-02-26,2025-03-07,30,高評価
AS0064,P020,PJ017,テックリード,2024-02-26,2025-03-07,100,目標達成
AS0065,P026,PJ017,品質管理,2024-02-26,2025-03-07,50,目標達成
AS0066,P147,PJ034,インフラエンジニア,2024-02-27,2024-10-26,50,目標達成
AS0067,P078,PJ034,PM,2024-02-27,2024-10-26,30,高評価
AS0068,P030,PJ034,AIエンジニア,2024-02-27,2024-10-26,80,目標達成
AS0069,P142,PJ034,品質管理,2024-02-27,2024-10-26,50,目標達成
AS0070,P156,PJ034,アーキテクト,2024-02-27,2024-10-26,30,高評価
AS0071,P124,PJ034,テックリード,2024-02-27,2024-10-26,80,高評価
AS0072,P125,PJ034,業務コンサルタント,2024-02-27,2024-10-26,20,目標達成
AS0073,P045,PJ011,業務コンサルタント,2024-03-11,2024-09-29,50,課題あり
AS0074,P173,PJ011,PM,2024-03-11,2024-09-29,30,目標達成
AS0075,P053,PJ011,テックリード,2024-03-11,2024-09-29,80,目標達成
AS0076,P116,PJ011,品質管理,2024-03-11,2024-09-29,50,目標達成
AS0077,P090,PJ011,AIエンジニア,2024-03-11,2024-09-29,100,目標達成
AS0078,P124,PJ025,データエンジニア,2024-04-10,2025-05-09,80,目標達成
AS0079,P020,PJ025,インフラエンジニア,2024-04-10,2025-05-09,30,目標達成
AS0080,P195,PJ025,品質管理,2024-04-10,2025-05-09,30,課題あり
AS0081,P165,PJ025,アプリ開発,2024-04-10,2025-05-09,80,課題あり
AS0082,P093,PJ025,テックリード,2024-04-10,2025-05-09,80,課題あり
AS0083,P153,PJ025,業務コンサルタント,2024-04-10,2025-05-09,50,高評価
AS0084,P187,PJ025,AIエンジニア,2024-04-10,2025-05-09,100,目標達成
AS0085,P075,PJ025,PM,2024-04-10,2025-05-09,30,目標達成
AS0086,P144,PJ025,アーキテクト,2024-04-10,2025-05-09,30,課題あり
AS0087,P188,PJ037,PM,2024-04-18,2025-02-11,50,目標達成
AS0088,P127,PJ037,アプリ開発,2024-04-18,2025-02-11,100,目標達成
AS0089,P079,PJ037,アーキテクト,2024-04-18,2025-02-11,50,課題あり
AS0090,P145,PJ037,業務コンサルタント,2024-04-18,2025-02-11,50,目標達成
AS0091,P152,PJ037,データエンジニア,2024-04-18,2025-02-11,80,目標達成
AS0092,P054,PJ037,インフラエンジニア,2024-04-18,2025-02-11,20,目標達成
AS0093,P090,PJ001,インフラエンジニア,2024-04-24,2024-11-03,50,高評価
AS0094,P083,PJ001,AIエンジニア,2024-04-24,2024-11-03,100,高評価
AS0095,P124,PJ001,品質管理,2024-04-24,2024-11-03,20,目標達成
AS0096,P105,PJ001,データエンジニア,2024-04-24,2024-11-03,80,課題あり
AS0097,P070,PJ001,アプリ開発,2024-04-24,2024-11-03,80,目標達成
AS0098,P101,PJ001,PM,2024-04-24,2024-11-03,30,課題あり
AS0099,P093,PJ001,アーキテクト,2024-04-24,2024-11-03,20,課題あり
AS0100,P097,PJ001,テックリード,2024-04-24,2024-11-03,100,課題あり
AS0101,P113,PJ013,業務コンサルタント,2024-05-26,2025-03-19,50,目標達成
AS0102,P137,PJ013,アーキテクト,2024-05-26,2025-03-19,50,目標達成
AS0103,P003,PJ013,インフラエンジニア,2024-05-26,2025-03-19,30,高評価
AS0104,P190,PJ013,データエンジニア,2024-05-26,2025-03-19,80,目標達成
AS0105,P063,PJ013,テックリード,2024-05-26,2025-03-19,100,高評価
AS0106,P095,PJ013,AIエンジニア,2024-05-26,2025-03-19,100,課題あり
AS0107,P144,PJ013,PM,2024-05-26,2025-03-19,30,課題あり
AS0108,P116,PJ013,アプリ開発,2024-05-26,2025-03-19,100,課題あり
AS0109,P115,PJ013,品質管理,2024-05-26,2025-03-19,20,目標達成
AS0110,P103,PJ027,テックリード,2024-05-29,2024-11-11,100,目標達成
AS0111,P032,PJ027,インフラエンジニア,2024-05-29,2024-11-11,50,目標達成
AS0112,P156,PJ027,AIエンジニア,2024-05-29,2024-11-11,100,課題あり
AS0113,P184,PJ027,アプリ開発,2024-05-29,2024-11-11,80,高評価
AS0114,P051,PJ027,アーキテクト,2024-05-29,2024-11-11,30,目標達成
AS0115,P101,PJ022,AIエンジニア,2024-07-11,2024-12-20,80,課題あり
AS0116,P086,PJ022,アーキテクト,2024-07-11,2024-12-20,30,目標達成
AS0117,P128,PJ022,アプリ開発,2024-07-11,2024-12-20,100,課題あり
AS0118,P154,PJ022,品質管理,2024-07-11,2024-12-20,50,課題あり
AS0119,P107,PJ022,テックリード,2024-07-11,2024-12-20,80,目標達成
AS0120,P124,PJ022,PM,2024-07-11,2024-12-20,50,課題あり
AS0121,P046,PJ022,データエンジニア,2024-07-11,2024-12-20,80,課題あり
AS0122,P050,PJ022,インフラエンジニア,2024-07-11,2024-12-20,20,課題あり
AS0123,P042,PJ022,業務コンサルタント,2024-07-11,2024-12-20,30,目標達成
AS0124,P078,PJ033,品質管理,2024-08-08,2025-05-15,50,高評価
AS0125,P126,PJ033,データエンジニア,2024-08-08,2025-05-15,100,目標達成
AS0126,P171,PJ033,業務コンサルタント,2024-08-08,2025-05-15,20,高評価
AS0127,P173,PJ033,テックリード,2024-08-08,2025-05-15,80,高評価
AS0128,P170,PJ033,PM,2024-08-08,2025-05-15,30,課題あり
AS0129,P047,PJ033,アプリ開発,2024-08-08,2025-05-15,100,目標達成
AS0130,P133,PJ033,インフラエンジニア,2024-08-08,2025-05-15,30,高評価
AS0131,P113,PJ028,業務コンサルタント,2024-09-16,2025-04-11,30,目標達成
AS0132,P190,PJ028,テックリード,2024-09-16,2025-04-11,80,高評価
AS0133,P090,PJ028,品質管理,2024-09-16,2025-04-11,20,課題あり
AS0134,P155,PJ028,データエンジニア,2024-09-16,2025-04-11,80,課題あり
AS0135,P112,PJ028,インフラエンジニア,2024-09-16,2025-04-11,30,高評価
AS0136,P097,PJ028,PM,2024-09-16,2025-04-11,20,目標達成
AS0137,P180,PJ028,アーキテクト,2024-09-16,2025-04-11,50,課題あり
AS0138,P037,PJ028,AIエンジニア,2024-09-16,2025-04-11,80,高評価
AS0139,P195,PJ005,テックリード,2024-09-26,2025-03-02,80,目標達成
AS0140,P070,PJ005,データエンジニア,2024-09-26,2025-03-02,80,課題あり
AS0141,P137,PJ005,品質管理,2024-09-26,2025-03-02,50,目標達成
AS0142,P185,PJ005,業務コンサルタント,2024-09-26,2025-03-02,30,高評価
AS0143,P053,PJ005,アーキテクト,2024-09-26,2025-03-02,20,目標達成
AS0144,P176,PJ021,アプリ開発,2024-10-15,2025-10-26,100,高評価
AS0145,P137,PJ021,品質管理,2024-10-15,2025-10-26,50,高評価
AS0146,P086,PJ021,業務コンサルタント,2024-10-15,2025-10-26,30,課題あり
AS0147,P184,PJ021,インフラエンジニア,2024-10-15,2025-10-26,20,課題あり
AS0148,P063,PJ021,テックリード,2024-10-15,2025-10-26,80,課題あり
AS0149,P094,PJ021,PM,2024-10-15,2025-10-26,30,高評価
AS0150,P081,PJ021,データエンジニア,2024-10-15,2025-10-26,80,目標達成
AS0151,P149,PJ021,AIエンジニア,2024-10-15,2025-10-26,80,目標達成
AS0152,P156,PJ012,アプリ開発,2024-10-22,2025-06-12,100,課題あり
AS0153,P007,PJ012,PM,2024-10-22,2025-06-12,50,目標達成
AS0154,P095,PJ012,データエンジニア,2024-10-22,2025-06-12,80,目標達成
AS0155,P158,PJ012,アーキテクト,2024-10-22,2025-06-12,20,課題あり
AS0156,P087,PJ012,テックリード,2024-10-22,2025-06-12,100,課題あり
AS0157,P003,PJ012,インフラエンジニア,2024-10-22,2025-06-12,30,目標達成
AS0158,P081,PJ012,品質管理,2024-10-22,2025-06-12,50,高評価
AS0159,P051,PJ035,アプリ開発,2024-11-08,2025-08-06,80,目標達成
AS0160,P136,PJ035,AIエンジニア,2024-11-08,2025-08-06,100,目標達成
AS0161,P184,PJ035,PM,2024-11-08,2025-08-06,20,目標達成
AS0162,P065,PJ035,アーキテクト,2024-11-08,2025-08-06,30,目標達成
AS0163,P113,PJ035,データエンジニア,2024-11-08,2025-08-06,100,課題あり
AS0164,P002,PJ035,インフラエンジニア,2024-11-08,2025-08-06,20,目標達成
AS0165,P169,PJ035,テックリード,2024-11-08,2025-08-06,80,目標達成
AS0166,P112,PJ003,業務コンサルタント,2024-11-13,2025-11-21,50,課題あり
AS0167,P097,PJ003,インフラエンジニア,2024-11-13,2025-11-21,20,課題あり
AS0168,P068,PJ003,AIエンジニア,2024-11-13,2025-11-21,80,目標達成
AS0169,P082,PJ003,PM,2024-11-13,2025-11-21,30,課題あり
AS0170,P094,PJ003,テックリード,2024-11-13,2025-11-21,80,目標達成
AS0171,P080,PJ010,品質管理,2024-11-14,2025-06-06,30,課題あり
AS0172,P144,PJ010,業務コンサルタント,2024-11-14,2025-06-06,30,目標達成
AS0173,P005,PJ010,インフラエンジニア,2024-11-14,2025-06-06,30,高評価
AS0174,P055,PJ010,PM,2024-11-14,2025-06-06,50,課題あり
AS0175,P037,PJ010,AIエンジニア,2024-11-14,2025-06-06,80,課題あり
AS0176,P020,PJ023,テックリード,2024-12-10,2025-07-19,100,目標達成
AS0177,P195,PJ023,AIエンジニア,2024-12-10,2025-07-19,80,目標達成
AS0178,P073,PJ023,業務コンサルタント,2024-12-10,2025-07-19,50,目標達成
AS0179,P001,PJ023,インフラエンジニア,2024-12-10,2025-07-19,20,課題あり
AS0180,P190,PJ023,データエンジニア,2024-12-10,2025-07-19,80,高評価
AS0181,P183,PJ023,品質管理,2024-12-10,2025-07-19,20,課題あり
AS0182,P167,PJ023,アーキテクト,2024-12-10,2025-07-19,50,高評価
AS0183,P055,PJ023,PM,2024-12-10,2025-07-19,30,課題あり
AS0184,P167,PJ039,テックリード,2025-01-11,2025-08-26,100,目標達成
AS0185,P168,PJ039,アプリ開発,2025-01-11,2025-08-26,100,目標達成
AS0186,P035,PJ039,アーキテクト,2025-01-11,2025-08-26,30,目標達成
AS0187,P044,PJ039,品質管理,2025-01-11,2025-08-26,30,目標達成
AS0188,P196,PJ039,データエンジニア,2025-01-11,2025-08-26,100,高評価
AS0189,P046,PJ015,業務コンサルタント,2025-02-18,2026-01-09,20,目標達成
AS0190,P185,PJ015,PM,2025-02-18,2026-01-09,20,目標達成
AS0191,P177,PJ015,アーキテクト,2025-02-18,2026-01-09,20,課題あり
AS0192,P036,PJ015,アプリ開発,2025-02-18,2026-01-09,100,課題あり
AS0193,P126,PJ015,テックリード,2025-02-18,2026-01-09,80,目標達成
AS0194,P145,PJ015,品質管理,2025-02-18,2026-01-09,50,課題あり
AS0195,P122,PJ032,インフラエンジニア,2025-03-11,2025-08-22,50,高評価
AS0196,P113,PJ032,アプリ開発,2025-03-11,2025-08-22,80,高評価
AS0197,P010,PJ032,品質管理,2025-03-11,2025-08-22,20,目標達成
AS0198,P101,PJ032,PM,2025-03-11,2025-08-22,50,目標達成
AS0199,P152,PJ032,データエンジニア,2025-03-11,2025-08-22,100,課題あり
AS0200,P163,PJ032,テックリード,2025-03-11,2025-08-22,100,目標達成
AS0201,P097,PJ032,アーキテクト,2025-03-11,2025-08-22,50,目標達成
AS0202,P080,PJ032,AIエンジニア,2025-03-11,2025-08-22,100,高評価
AS0203,P183,PJ032,業務コンサルタント,2025-03-11,2025-08-22,50,目標達成
AS0204,P086,PJ020,PM,2025-03-23,2025-08-30,20,課題あり
AS0205,P189,PJ020,AIエンジニア,2025-03-23,2025-08-30,80,課題あり
AS0206,P079,PJ020,アプリ開発,2025-03-23,2025-08-30,100,目標達成
AS0207,P051,PJ020,テックリード,2025-03-23,2025-08-30,100,目標達成
AS0208,P148,PJ020,アーキテクト,2025-03-23,2025-08-30,50,目標達成
AS0209,P115,PJ020,業務コンサルタント,2025-03-23,2025-08-30,20,高評価
AS0210,P196,PJ020,インフラエンジニア,2025-03-23,2025-08-30,50,高評価
AS0211,P165,PJ020,品質管理,2025-03-23,2025-08-30,20,目標達成
AS0212,P016,PJ006,テックリード,2025-03-29,2026-03-10,80,課題あり
AS0213,P073,PJ006,データエンジニア,2025-03-29,2026-03-10,100,目標達成
AS0214,P032,PJ006,インフラエンジニア,2025-03-29,2026-03-10,30,高評価
AS0215,P191,PJ006,品質管理,2025-03-29,2026-03-10,50,目標達成
AS0216,P113,PJ006,AIエンジニア,2025-03-29,2026-03-10,80,目標達成
AS0217,P078,PJ006,アプリ開発,2025-03-29,2026-03-10,100,高評価
AS0218,P065,PJ006,PM,2025-03-29,2026-03-10,20,高評価
AS0219,P114,PJ006,アーキテクト,2025-03-29,2026-03-10,30,目標達成
AS0220,P122,PJ016,AIエンジニア,2025-03-29,2025-12-04,80,高評価
AS0221,P065,PJ016,PM,2025-03-29,2025-12-04,30,目標達成
AS0222,P116,PJ016,データエンジニア,2025-03-29,2025-12-04,100,目標達成
AS0223,P102,PJ016,品質管理,2025-03-29,2025-12-04,20,目標達成
AS0224,P035,PJ016,テックリード,2025-03-29,2025-12-04,100,目標達成
AS0225,P107,PJ002,品質管理,2025-03-31,2026-02-10,20,目標達成
AS0226,P050,PJ002,AIエンジニア,2025-03-31,2026-02-10,80,目標達成
AS0227,P192,PJ002,アーキテクト,2025-03-31,2026-02-10,50,課題あり
AS0228,P119,PJ002,データエンジニア,2025-03-31,2026-02-10,80,課題あり
AS0229,P161,PJ002,テックリード,2025-03-31,2026-02-10,80,高評価
AS0230,P137,PJ019,アーキテクト,2025-04-23,2025-12-10,50,課題あり
AS0231,P122,PJ019,データエンジニア,2025-04-23,2025-12-10,80,目標達成
AS0232,P139,PJ019,アプリ開発,2025-04-23,2025-12-10,80,高評価
AS0233,P124,PJ019,品質管理,2025-04-23,2025-12-10,30,課題あり
AS0234,P053,PJ019,テックリード,2025-04-23,2025-12-10,100,目標達成
AS0235,P092,PJ019,業務コンサルタント,2025-04-23,2025-12-10,50,高評価
AS0236,P092,PJ007,AIエンジニア,2025-04-30,2026-03-07,100,目標達成
AS0237,P094,PJ007,データエンジニア,2025-04-30,2026-03-07,80,目標達成
AS0238,P003,PJ007,アプリ開発,2025-04-30,2026-03-07,80,目標達成
AS0239,P160,PJ007,品質管理,2025-04-30,2026-03-07,50,高評価
AS0240,P167,PJ007,アーキテクト,2025-04-30,2026-03-07,30,高評価
AS0241,P093,PJ007,PM,2025-04-30,2026-03-07,30,高評価
AS0242,P127,PJ031,アプリ開発,2025-05-06,2025-10-30,80,課題あり
AS0243,P177,PJ031,テックリード,2025-05-06,2025-10-30,100,課題あり
AS0244,P102,PJ031,品質管理,2025-05-06,2025-10-30,50,課題あり
AS0245,P088,PJ031,データエンジニア,2025-05-06,2025-10-30,80,目標達成
AS0246,P005,PJ031,業務コンサルタント,2025-05-06,2025-10-30,30,目標達成
AS0247,P198,PJ031,インフラエンジニア,2025-05-06,2025-10-30,50,目標達成
AS0248,P001,PJ031,アーキテクト,2025-05-06,2025-10-30,20,高評価
AS0249,P174,PJ009,PM,2025-05-27,2026-05-16,20,目標達成
AS0250,P192,PJ009,品質管理,2025-05-27,2026-05-16,30,目標達成
AS0251,P063,PJ009,アーキテクト,2025-05-27,2026-05-16,30,目標達成
AS0252,P102,PJ009,業務コンサルタント,2025-05-27,2026-05-16,20,目標達成
AS0253,P082,PJ009,テックリード,2025-05-27,2026-05-16,80,目標達成
AS0254,P123,PJ009,インフラエンジニア,2025-05-27,2026-05-16,50,高評価
AS0255,P179,PJ009,AIエンジニア,2025-05-27,2026-05-16,100,課題あり
AS0256,P097,PJ009,アプリ開発,2025-05-27,2026-05-16,100,目標達成
AS0257,P083,PJ004,業務コンサルタント,2025-06-02,2026-03-09,50,目標達成
AS0258,P195,PJ004,PM,2025-06-02,2026-03-09,30,目標達成
AS0259,P070,PJ004,データエンジニア,2025-06-02,2026-03-09,100,目標達成
AS0260,P082,PJ004,インフラエンジニア,2025-06-02,2026-03-09,30,課題あり
AS0261,P051,PJ004,テックリード,2025-06-02,2026-03-09,100,目標達成
AS0262,P093,PJ004,アプリ開発,2025-06-02,2026-03-09,100,課題あり
AS0263,P193,PJ004,AIエンジニア,2025-06-02,2026-03-09,80,目標達成
AS0264,P001,PJ004,アーキテクト,2025-06-02,2026-03-09,50,課題あり
AS0265,P082,PJ077,品質管理,2025-09-18,2026-10-15,20,高評価
AS0266,P121,PJ077,インフラエンジニア,2025-09-18,2026-10-15,50,目標達成
AS0267,P187,PJ077,AIエンジニア,2025-09-18,2026-10-15,80,目標達成
AS0268,P131,PJ077,データエンジニア,2025-09-18,2026-10-15,80,目標達成
AS0269,P130,PJ077,業務コンサルタント,2025-09-18,2026-10-15,50,課題あり
AS0270,P107,PJ063,アーキテクト,2025-10-08,2026-10-24,50,課題あり
AS0271,P054,PJ063,インフラエンジニア,2025-10-08,2026-10-24,30,目標達成
AS0272,P067,PJ063,業務コンサルタント,2025-10-08,2026-10-24,20,課題あり
AS0273,P176,PJ067,インフラエンジニア,2025-10-21,2027-01-15,20,課題あり
AS0274,P190,PJ067,アーキテクト,2025-10-21,2027-01-15,20,目標達成
AS0275,P182,PJ067,業務コンサルタント,2025-10-21,2027-01-15,50,高評価
AS0276,P062,PJ067,PM,2025-10-21,2027-01-15,30,高評価
AS0277,P022,PJ067,品質管理,2025-10-21,2027-01-15,30,課題あり
AS0278,P010,PJ071,品質管理,2025-10-24,2027-04-22,20,目標達成
AS0279,P029,PJ071,業務コンサルタント,2025-10-24,2027-04-22,20,課題あり
AS0280,P112,PJ071,PM,2025-10-24,2027-04-22,50,高評価
AS0281,P120,PJ071,アプリ開発,2025-10-24,2027-04-22,80,高評価
AS0282,P061,PJ054,アーキテクト,2025-10-25,2027-01-09,30,高評価
AS0283,P099,PJ054,データエンジニア,2025-10-25,2027-01-09,80,目標達成
AS0284,P042,PJ054,業務コンサルタント,2025-10-25,2027-01-09,30,高評価
AS0285,P145,PJ054,アプリ開発,2025-10-25,2027-01-09,80,課題あり
AS0286,P168,PJ054,インフラエンジニア,2025-10-25,2027-01-09,50,目標達成
AS0287,P123,PJ056,PM,2025-11-01,2027-01-27,50,課題あり
AS0288,P003,PJ056,品質管理,2025-11-01,2027-01-27,20,目標達成
AS0289,P117,PJ056,インフラエンジニア,2025-11-01,2027-01-27,30,目標達成
AS0290,P002,PJ056,業務コンサルタント,2025-11-01,2027-01-27,30,目標達成
AS0291,P082,PJ056,アーキテクト,2025-11-01,2027-01-27,20,高評価
AS0292,P170,PJ048,業務コンサルタント,2025-11-08,2027-05-17,20,目標達成
AS0293,P136,PJ048,アーキテクト,2025-11-08,2027-05-17,30,目標達成
AS0294,P138,PJ048,品質管理,2025-11-08,2027-05-17,30,課題あり
AS0295,P045,PJ048,データエンジニア,2025-11-08,2027-05-17,80,目標達成
AS0296,P159,PJ048,PM,2025-11-08,2027-05-17,50,目標達成
AS0297,P081,PJ069,インフラエンジニア,2025-11-11,2026-11-07,50,目標達成
AS0298,P190,PJ069,業務コンサルタント,2025-11-11,2026-11-07,20,目標達成
AS0299,P200,PJ069,アーキテクト,2025-11-11,2026-11-07,20,目標達成
AS0300,P063,PJ069,PM,2025-11-11,2026-11-07,20,高評価
AS0301,P189,PJ069,データエンジニア,2025-11-11,2026-11-07,80,高評価
AS0302,P009,PJ044,インフラエンジニア,2025-11-16,2027-03-24,20,目標達成
AS0303,P127,PJ044,品質管理,2025-11-16,2027-03-24,20,高評価
AS0304,P115,PJ044,業務コンサルタント,2025-11-16,2027-03-24,20,目標達成
AS0305,P043,PJ044,アプリ開発,2025-11-16,2027-03-24,80,高評価
AS0306,P128,PJ044,データエンジニア,2025-11-16,2027-03-24,80,目標達成
AS0307,P037,PJ064,品質管理,2025-11-18,2027-01-09,20,目標達成
AS0308,P158,PJ064,アーキテクト,2025-11-18,2027-01-09,20,課題あり
AS0309,P001,PJ064,PM,2025-11-18,2027-01-09,20,高評価
AS0310,P026,PJ064,業務コンサルタント,2025-11-18,2027-01-09,20,目標達成
AS0311,P155,PJ040,品質管理,2025-11-19,2027-05-01,50,高評価
AS0312,P090,PJ040,業務コンサルタント,2025-11-19,2027-05-01,30,課題あり
AS0313,P006,PJ040,データエンジニア,2025-11-19,2027-05-01,80,課題あり
AS0314,P158,PJ040,PM,2025-11-19,2027-05-01,30,目標達成
AS0315,P039,PJ075,アーキテクト,2025-11-30,2027-03-14,30,高評価
AS0316,P125,PJ075,アプリ開発,2025-11-30,2027-03-14,80,高評価
AS0317,P064,PJ075,品質管理,2025-11-30,2027-03-14,20,目標達成
AS0318,P108,PJ075,PM,2025-11-30,2027-03-14,30,目標達成
AS0319,P181,PJ075,インフラエンジニア,2025-11-30,2027-03-14,30,課題あり
AS0320,P042,PJ076,インフラエンジニア,2025-12-21,2027-03-31,20,目標達成
AS0321,P169,PJ076,アーキテクト,2025-12-21,2027-03-31,50,高評価
AS0322,P036,PJ076,データエンジニア,2025-12-21,2027-03-31,80,目標達成
AS0323,P064,PJ076,業務コンサルタント,2025-12-21,2027-03-31,30,目標達成
AS0324,P061,PJ076,PM,2025-12-21,2027-03-31,30,目標達成
AS0325,P126,PJ076,品質管理,2025-12-21,2027-03-31,30,目標達成
AS0326,P192,PJ068,PM,2025-12-30,2027-03-16,50,目標達成
AS0327,P081,PJ068,品質管理,2025-12-30,2027-03-16,30,課題あり
AS0328,P063,PJ068,アーキテクト,2025-12-30,2027-03-16,20,目標達成
AS0329,P113,PJ068,業務コンサルタント,2025-12-30,2027-03-16,50,高評価
AS0330,P070,PJ068,インフラエンジニア,2025-12-30,2027-03-16,30,高評価
AS0331,P198,PJ045,アプリ開発,2026-01-01,2026-12-05,80,目標達成
AS0332,P126,PJ045,品質管理,2026-01-01,2026-12-05,20,目標達成
AS0333,P075,PJ045,アーキテクト,2026-01-01,2026-12-05,50,高評価
AS0334,P173,PJ045,業務コンサルタント,2026-01-01,2026-12-05,30,目標達成
AS0335,P199,PJ045,インフラエンジニア,2026-01-01,2026-12-05,50,高評価
AS0336,P171,PJ050,インフラエンジニア,2026-01-02,2027-04-25,30,目標達成
AS0337,P085,PJ050,PM,2026-01-02,2027-04-25,20,課題あり
AS0338,P050,PJ050,品質管理,2026-01-02,2027-04-25,20,高評価
AS0339,P032,PJ050,業務コンサルタント,2026-01-02,2027-04-25,20,高評価
AS0340,P020,PJ050,アーキテクト,2026-01-02,2027-04-25,20,課題あり
AS0341,P007,PJ073,アーキテクト,2026-01-04,2026-12-02,20,高評価
AS0342,P152,PJ073,AIエンジニア,2026-01-04,2026-12-02,80,目標達成
AS0343,P162,PJ073,インフラエンジニア,2026-01-04,2026-12-02,30,高評価
AS0344,P124,PJ073,PM,2026-01-04,2026-12-02,50,高評価
AS0345,P072,PJ052,データエンジニア,2026-01-12,2026-12-02,80,目標達成
AS0346,P101,PJ052,インフラエンジニア,2026-01-12,2026-12-02,50,課題あり
AS0347,P182,PJ052,業務コンサルタント,2026-01-12,2026-12-02,30,目標達成
AS0348,P073,PJ052,AIエンジニア,2026-01-12,2026-12-02,80,目標達成
AS0349,P163,PJ052,アーキテクト,2026-01-12,2026-12-02,30,目標達成
AS0350,P086,PJ052,PM,2026-01-12,2026-12-02,30,高評価
AS0351,P037,PJ052,品質管理,2026-01-12,2026-12-02,30,高評価
AS0352,P095,PJ052,アプリ開発,2026-01-12,2026-12-02,80,高評価
AS0353,P069,PJ041,データエンジニア,2026-01-16,2027-05-10,80,高評価
AS0354,P090,PJ041,品質管理,2026-01-16,2027-05-10,20,高評価
AS0355,P007,PJ041,PM,2026-01-16,2027-05-10,30,課題あり
AS0356,P053,PJ041,アーキテクト,2026-01-16,2027-05-10,30,目標達成
AS0357,P029,PJ041,業務コンサルタント,2026-01-16,2027-05-10,20,課題あり
AS0358,P175,PJ041,インフラエンジニア,2026-01-16,2027-05-10,30,目標達成
AS0359,P144,PJ046,品質管理,2026-01-16,2027-06-30,20,課題あり
AS0360,P154,PJ046,アプリ開発,2026-01-16,2027-06-30,80,目標達成
AS0361,P175,PJ046,インフラエンジニア,2026-01-16,2027-06-30,50,目標達成
AS0362,P105,PJ046,AIエンジニア,2026-01-16,2027-06-30,80,目標達成
AS0363,P160,PJ046,業務コンサルタント,2026-01-16,2027-06-30,50,課題あり
AS0364,P093,PJ046,アーキテクト,2026-01-16,2027-06-30,30,目標達成
AS0365,P180,PJ046,PM,2026-01-16,2027-06-30,30,目標達成
AS0366,P074,PJ053,インフラエンジニア,2026-01-16,2026-11-09,20,高評価
AS0367,P025,PJ053,アプリ開発,2026-01-16,2026-11-09,80,高評価
AS0368,P027,PJ053,AIエンジニア,2026-01-16,2026-11-09,80,課題あり
AS0369,P052,PJ057,データエンジニア,2026-01-19,2027-01-16,80,課題あり
AS0370,P062,PJ057,品質管理,2026-01-19,2027-01-16,30,高評価
AS0371,P041,PJ057,PM,2026-01-19,2027-01-16,50,目標達成
AS0372,P059,PJ057,業務コンサルタント,2026-01-19,2027-01-16,50,課題あり
AS0373,P103,PJ060,品質管理,2026-01-24,2026-11-06,30,高評価
AS0374,P086,PJ060,アーキテクト,2026-01-24,2026-11-06,30,高評価
AS0375,P190,PJ060,インフラエンジニア,2026-01-24,2026-11-06,20,目標達成
AS0376,P188,PJ078,アーキテクト,2026-02-02,2027-04-03,20,高評価
AS0377,P183,PJ078,品質管理,2026-02-02,2027-04-03,50,目標達成
AS0378,P176,PJ078,業務コンサルタント,2026-02-02,2027-04-03,20,目標達成
AS0379,P153,PJ078,データエンジニア,2026-02-02,2027-04-03,80,目標達成
AS0380,P055,PJ078,PM,2026-02-02,2027-04-03,50,目標達成
AS0381,P050,PJ078,インフラエンジニア,2026-02-02,2027-04-03,30,高評価
AS0382,P005,PJ070,品質管理,2026-02-15,2027-01-23,30,高評価
AS0383,P123,PJ070,インフラエンジニア,2026-02-15,2027-01-23,20,課題あり
AS0384,P033,PJ070,PM,2026-02-15,2027-01-23,20,目標達成
AS0385,P137,PJ070,業務コンサルタント,2026-02-15,2027-01-23,20,目標達成
AS0386,P188,PJ070,アーキテクト,2026-02-15,2027-01-23,50,目標達成
AS0387,P057,PJ043,インフラエンジニア,2026-02-16,2027-06-09,50,課題あり
AS0388,P197,PJ043,アーキテクト,2026-02-16,2027-06-09,50,目標達成
AS0389,P060,PJ043,アプリ開発,2026-02-16,2027-06-09,80,目標達成
AS0390,P026,PJ043,品質管理,2026-02-16,2027-06-09,30,課題あり
AS0391,P121,PJ066,インフラエンジニア,2026-02-20,2027-02-04,30,高評価
AS0392,P184,PJ066,品質管理,2026-02-20,2027-02-04,50,目標達成
AS0393,P174,PJ066,PM,2026-02-20,2027-02-04,20,目標達成
AS0394,P116,PJ066,データエンジニア,2026-02-20,2027-02-04,80,高評価
AS0395,P051,PJ042,インフラエンジニア,2026-02-24,2027-06-01,20,高評価
AS0396,P174,PJ042,PM,2026-02-24,2027-06-01,20,目標達成
AS0397,P050,PJ042,品質管理,2026-02-24,2027-06-01,20,課題あり
AS0398,P079,PJ061,アーキテクト,2026-03-03,2026-12-27,30,目標達成
AS0399,P102,PJ061,アプリ開発,2026-03-03,2026-12-27,80,目標達成
AS0400,P014,PJ061,データエンジニア,2026-03-03,2026-12-27,80,高評価
AS0401,P174,PJ061,PM,2026-03-03,2026-12-27,30,課題あり
AS0402,P074,PJ061,品質管理,2026-03-03,2026-12-27,30,目標達成
AS0403,P026,PJ061,インフラエンジニア,2026-03-03,2026-12-27,30,目標達成
AS0404,P170,PJ059,PM,2026-03-06,2026-11-26,30,高評価
AS0405,P054,PJ059,業務コンサルタント,2026-03-06,2026-11-26,50,目標達成
AS0406,P002,PJ059,品質管理,2026-03-06,2026-11-26,50,目標達成
AS0407,P195,PJ059,アーキテクト,2026-03-06,2026-11-26,50,目標達成
AS0408,P046,PJ059,AIエンジニア,2026-03-06,2026-11-26,80,目標達成
AS0409,P137,PJ059,インフラエンジニア,2026-03-06,2026-11-26,50,目標達成
AS0410,P080,PJ072,データエンジニア,2026-03-28,2027-05-26,80,目標達成
AS0411,P019,PJ072,品質管理,2026-03-28,2027-05-26,50,目標達成
AS0412,P138,PJ072,インフラエンジニア,2026-03-28,2027-05-26,50,目標達成
AS0413,P012,PJ072,業務コンサルタント,2026-03-28,2027-05-26,30,目標達成
AS0414,P001,PJ058,PM,2026-04-02,2026-11-03,20,高評価
AS0415,P058,PJ058,品質管理,2026-04-02,2026-11-03,50,目標達成
AS0416,P084,PJ058,インフラエンジニア,2026-04-02,2026-11-03,30,課題あり
AS0417,P193,PJ058,アプリ開発,2026-04-02,2026-11-03,80,高評価
AS0418,P017,PJ058,アーキテクト,2026-04-02,2026-11-03,30,課題あり
AS0419,P100,PJ058,データエンジニア,2026-04-02,2026-11-03,80,高評価
AS0420,P115,PJ058,業務コンサルタント,2026-04-02,2026-11-03,50,目標達成
AS0421,P122,PJ058,AIエンジニア,2026-04-02,2026-11-03,80,目標達成
AS0422,P097,PJ047,業務コンサルタント,2026-04-11,2027-02-12,50,高評価
AS0423,P094,PJ047,PM,2026-04-11,2027-02-12,50,目標達成
AS0424,P079,PJ047,アーキテクト,2026-04-11,2027-02-12,20,目標達成
AS0425,P135,PJ047,AIエンジニア,2026-04-11,2027-02-12,80,目標達成
AS0426,P037,PJ047,品質管理,2026-04-11,2027-02-12,30,課題あり
AS0427,P070,PJ047,インフラエンジニア,2026-04-11,2027-02-12,50,高評価
AS0428,P194,PJ065,アプリ開発,2026-06-04,2026-12-14,80,高評価
AS0429,P053,PJ065,インフラエンジニア,2026-06-04,2026-12-14,20,目標達成
AS0430,P093,PJ065,アーキテクト,2026-06-04,2026-12-14,20,目標達成
AS0431,P115,PJ055,品質管理,2026-06-12,2026-11-30,20,高評価
AS0432,P140,PJ055,業務コンサルタント,2026-06-12,2026-11-30,50,課題あり
AS0433,P085,PJ055,PM,2026-06-12,2026-11-30,30,目標達成
AS0434,P167,PJ055,アーキテクト,2026-06-12,2026-11-30,50,高評価
AS0435,P144,PJ074,アーキテクト,2026-06-13,2026-12-13,20,目標達成
AS0436,P186,PJ074,業務コンサルタント,2026-06-13,2026-12-13,20,目標達成
AS0437,P034,PJ074,PM,2026-06-13,2026-12-13,30,高評価
AS0438,P023,PJ074,品質管理,2026-06-13,2026-12-13,50,高評価
AS0439,P167,PJ062,PM,2026-06-17,2027-04-05,20,課題あり
AS0440,P140,PJ062,品質管理,2026-06-17,2027-04-05,30,目標達成
AS0441,P071,PJ062,AIエンジニア,2026-06-17,2027-04-05,80,目標達成
AS0442,P178,PJ062,アプリ開発,2026-06-17,2027-04-05,80,目標達成
AS0443,P035,PJ062,アーキテクト,2026-06-17,2027-04-05,50,目標達成
AS0444,P032,PJ062,業務コンサルタント,2026-06-17,2027-04-05,30,高評価
AS0445,P009,PJ051,品質管理,2026-06-18,2026-12-25,30,課題あり
AS0446,P068,PJ051,AIエンジニア,2026-06-18,2026-12-25,80,目標達成
AS0447,P093,PJ051,インフラエンジニア,2026-06-18,2026-12-25,20,目標達成
AS0448,P051,PJ051,アーキテクト,2026-06-18,2026-12-25,50,課題あり
AS0449,P024,PJ051,データエンジニア,2026-06-18,2026-12-25,80,高評価
AS0450,P007,PJ051,PM,2026-06-18,2026-12-25,20,目標達成
AS0451,P181,PJ051,業務コンサルタント,2026-06-18,2026-12-25,50,目標達成
AS0452,P196,PJ049,インフラエンジニア,2026-06-20,2027-05-09,30,目標達成
AS0453,P065,PJ049,PM,2026-06-20,2027-05-09,50,目標達成
AS0454,P003,PJ092,品質管理,2026-08-23,2027-04-13,20,高評価
AS0455,P144,PJ092,アーキテクト,2026-08-23,2027-04-13,20,目標達成
AS0456,P176,PJ092,業務コンサルタント,2026-08-23,2027-04-13,30,高評価
AS0457,P134,PJ087,品質管理,2026-09-04,2027-04-19,50,目標達成
AS0458,P012,PJ087,アーキテクト,2026-09-04,2027-04-19,30,目標達成
AS0459,P180,PJ087,インフラエンジニア,2026-09-04,2027-04-19,20,目標達成
AS0460,P098,PJ087,アプリ開発,2026-09-04,2027-04-19,80,課題あり
AS0461,P173,PJ087,業務コンサルタント,2026-09-04,2027-04-19,20,目標達成
AS0462,P148,PJ083,アーキテクト,2026-09-08,2027-09-12,50,目標達成
AS0463,P113,PJ083,業務コンサルタント,2026-09-08,2027-09-12,20,課題あり
AS0464,P163,PJ083,インフラエンジニア,2026-09-08,2027-09-12,30,目標達成
AS0465,P018,PJ083,品質管理,2026-09-08,2027-09-12,30,目標達成
AS0466,P044,PJ083,アプリ開発,2026-09-08,2027-09-12,80,目標達成
AS0467,P165,PJ083,データエンジニア,2026-09-08,2027-09-12,80,課題あり
AS0468,P065,PJ084,アーキテクト,2026-09-12,2027-06-24,20,目標達成
AS0469,P133,PJ084,品質管理,2026-09-12,2027-06-24,50,高評価
AS0470,P186,PJ084,インフラエンジニア,2026-09-12,2027-06-24,50,課題あり
AS0471,P032,PJ084,業務コンサルタント,2026-09-12,2027-06-24,30,目標達成
AS0472,P170,PJ084,PM,2026-09-12,2027-06-24,20,目標達成
AS0473,P166,PJ086,AIエンジニア,2026-09-18,2027-10-06,80,目標達成
AS0474,P074,PJ086,業務コンサルタント,2026-09-18,2027-10-06,20,高評価
AS0475,P185,PJ086,PM,2026-09-18,2027-10-06,30,課題あり
AS0476,P022,PJ086,品質管理,2026-09-18,2027-10-06,50,目標達成
AS0477,P053,PJ086,アーキテクト,2026-09-18,2027-10-06,20,課題あり
AS0478,P112,PJ091,PM,2026-09-18,2027-05-02,20,高評価
AS0479,P117,PJ091,インフラエンジニア,2026-09-18,2027-05-02,50,目標達成
AS0480,P003,PJ091,品質管理,2026-09-18,2027-05-02,50,課題あり
AS0481,P103,PJ081,品質管理,2026-09-25,2027-02-28,20,目標達成
AS0482,P141,PJ081,インフラエンジニア,2026-09-25,2027-02-28,50,高評価
AS0483,P009,PJ081,業務コンサルタント,2026-09-25,2027-02-28,20,高評価
AS0484,P185,PJ081,PM,2026-09-25,2027-02-28,20,目標達成
AS0485,P159,PJ082,PM,2026-09-25,2027-05-01,20,目標達成
AS0486,P010,PJ082,品質管理,2026-09-25,2027-05-01,20,高評価
AS0487,P055,PJ082,アーキテクト,2026-09-25,2027-05-01,20,目標達成
AS0488,P092,PJ082,業務コンサルタント,2026-09-25,2027-05-01,50,高評価
AS0489,P084,PJ082,インフラエンジニア,2026-09-25,2027-05-01,50,目標達成
AS0490,P149,PJ082,アプリ開発,2026-09-25,2027-05-01,80,課題あり
AS0491,P029,PJ080,インフラエンジニア,2026-10-03,2027-07-22,50,目標達成
AS0492,P082,PJ080,アーキテクト,2026-10-03,2027-07-22,20,目標達成
AS0493,P090,PJ080,業務コンサルタント,2026-10-03,2027-07-22,30,課題あり
AS0494,P195,PJ080,品質管理,2026-10-03,2027-07-22,20,課題あり
AS0495,P020,PJ080,PM,2026-10-03,2027-07-22,30,目標達成
AS0496,P177,PJ088,PM,2026-10-10,2027-08-10,50,高評価
AS0497,P104,PJ088,AIエンジニア,2026-10-10,2027-08-10,80,目標達成
AS0498,P168,PJ088,品質管理,2026-10-10,2027-08-10,30,課題あり
AS0499,P088,PJ088,アーキテクト,2026-10-10,2027-08-10,30,目標達成
AS0500,P011,PJ089,データエンジニア,2026-10-23,2027-03-28,80,目標達成
AS0501,P200,PJ089,インフラエンジニア,2026-10-23,2027-03-28,30,高評価
AS0502,P179,PJ089,PM,2026-10-23,2027-03-28,50,目標達成
AS0503,P139,PJ085,AIエンジニア,2026-10-25,2027-09-20,80,高評価
AS0504,P103,PJ085,アーキテクト,2026-10-25,2027-09-20,20,目標達成
AS0505,P059,PJ085,インフラエンジニア,2026-10-25,2027-09-20,20,課題あり
AS0506,P132,PJ085,PM,2026-10-25,2027-09-20,50,高評価
AS0507,P156,PJ090,アーキテクト,2026-11-02,2027-06-23,20,高評価
AS0508,P087,PJ090,PM,2026-11-02,2027-06-23,20,目標達成
AS0509,P129,PJ090,業務コンサルタント,2026-11-02,2027-06-23,20,課題あり
AS0510,P109,PJ090,インフラエンジニア,2026-11-02,2027-06-23,30,課題あり
AS0511,P131,PJ079,AIエンジニア,2026-11-04,2027-11-22,80,目標達成
AS0512,P048,PJ079,業務コンサルタント,2026-11-04,2027-11-22,30,目標達成
AS0513,P151,PJ079,インフラエンジニア,2026-11-04,2027-11-22,50,目標達成
AS0514,P107,PJ079,PM,2026-11-04,2027-11-22,50,高評価
AS0515,P035,PJ079,アーキテクト,2026-11-04,2027-11-22,20,高評価
AS0516,P130,PJ079,品質管理,2026-11-04,2027-11-22,20,目標達成
AS0517,P013,PJ093,AIエンジニア,2026-11-12,2027-11-01,80,課題あり
AS0518,P054,PJ093,インフラエンジニア,2026-11-12,2027-11-01,30,目標達成
AS0519,P018,PJ093,品質管理,2026-11-12,2027-11-01,50,目標達成
AS0520,P078,PJ093,PM,2026-11-12,2027-11-01,50,目標達成
