ProjectTechnologyId,ProjectId,TechnologyId,UsageType
PJ001-TC03,PJ001,TC03,主要
PJ001-TC04,PJ001,TC04,主要
PJ001-TC01,PJ001,TC01,主要
PJ002-TC01,PJ002,TC01,主要
PJ002-TC05,PJ002,TC05,補助
PJ002-TC09,PJ002,TC09,主要
PJ003-TC02,PJ003,TC02,補助
PJ003-TC05,PJ003,TC05,補助
PJ004-TC03,PJ004,TC03,主要
PJ004-TC04,PJ004,TC04,主要
PJ005-TC06,PJ005,TC06,主要
PJ005-TC07,PJ005,TC07,主要
PJ006-TC05,PJ006,TC05,主要
PJ006-TC01,PJ006,TC01,主要
PJ007-TC02,PJ007,TC02,主要
PJ007-TC03,PJ007,TC03,主要
PJ008-TC01,PJ008,TC01,主要
PJ008-TC10,PJ008,TC10,補助
PJ009-TC06,PJ009,TC06,主要
PJ009-TC12,PJ009,TC12,主要
PJ010-TC09,PJ010,TC09,主要
PJ010-TC01,PJ010,TC01,補助
PJ011-TC03,PJ011,TC03,補助
PJ011-TC04,PJ011,TC04,主要
PJ011-TC05,PJ011,TC05,主要
PJ012-TC03,PJ012,TC03,主要
PJ012-TC08,PJ012,TC08,補助
PJ013-TC02,PJ013,TC02,補助
PJ013-TC05,PJ013,TC05,主要
PJ014-TC01,PJ014,TC01,補助
PJ014-TC10,PJ014,TC10,補助
PJ015-TC11,PJ015,TC11,補助
PJ015-TC05,PJ015,TC05,主要
PJ016-TC01,PJ016,TC01,補助
PJ016-TC05,PJ016,TC05,補助
PJ017-TC02,PJ017,TC02,補助
PJ017-TC05,PJ017,TC05,主要
PJ018-TC07,PJ018,TC07,補助
PJ018-TC06,PJ018,TC06,主要
PJ019-TC03,PJ019,TC03,主要
PJ019-TC11,PJ019,TC11,補助
PJ020-TC01,PJ020,TC01,主要
PJ020-TC03,PJ020,TC03,主要
PJ021-TC03,PJ021,TC03,補助
PJ021-TC01,PJ021,TC01,主要
PJ021-TC09,PJ021,TC09,主要
PJ022-TC01,PJ022,TC01,補助
PJ022-TC05,PJ022,TC05,主要
PJ023-TC03,PJ023,TC03,主要
PJ023-TC04,PJ023,TC04,主要
PJ023-TC01,PJ023,TC01,補助
PJ024-TC01,PJ024,TC01,補助
PJ024-TC12,PJ024,TC12,主要
PJ025-TC02,PJ025,TC02,補助
PJ025-TC01,PJ025,TC01,主要
PJ026-TC03,PJ026,TC03,主要
PJ026-TC04,PJ026,TC04,主要
PJ027-TC01,PJ027,TC01,主要
PJ027-TC08,PJ027,TC08,主要
PJ028-TC06,PJ028,TC06,主要
PJ028-TC03,PJ028,TC03,主要
PJ029-TC03,PJ029,TC03,主要
PJ029-TC04,PJ029,TC04,補助
PJ030-TC01,PJ030,TC01,主要
PJ030-TC05,PJ030,TC05,補助
PJ031-TC05,PJ031,TC05,主要
PJ031-TC01,PJ031,TC01,主要
PJ032-TC05,PJ032,TC05,主要
PJ032-TC11,PJ032,TC11,主要
PJ033-TC05,PJ033,TC05,主要
PJ033-TC01,PJ033,TC01,主要
PJ034-TC09,PJ034,TC09,補助
PJ034-TC01,PJ034,TC01,補助
PJ035-TC09,PJ035,TC09,主要
PJ035-TC05,PJ035,TC05,主要
PJ036-TC11,PJ036,TC11,補助
PJ036-TC05,PJ036,TC05,補助
PJ037-TC11,PJ037,TC11,主要
PJ037-TC08,PJ037,TC08,補助
PJ038-TC07,PJ038,TC07,補助
PJ038-TC11,PJ038,TC11,主要
PJ039-TC07,PJ039,TC07,主要
PJ039-TC08,PJ039,TC08,補助
PJ040-TC03,PJ040,TC03,主要
PJ040-TC04,PJ040,TC04,主要
PJ040-TC01,PJ040,TC01,主要
PJ041-TC01,PJ041,TC01,補助
PJ041-TC05,PJ041,TC05,補助
PJ041-TC09,PJ041,TC09,主要
PJ042-TC02,PJ042,TC02,補助
PJ042-TC05,PJ042,TC05,主要
PJ043-TC03,PJ043,TC03,主要
PJ043-TC04,PJ043,TC04,補助
PJ044-TC06,PJ044,TC06,主要
PJ044-TC07,PJ044,TC07,主要
PJ045-TC05,PJ045,TC05,補助
PJ045-TC01,PJ045,TC01,主要
PJ046-TC02,PJ046,TC02,補助
PJ046-TC03,PJ046,TC03,補助
PJ047-TC01,PJ047,TC01,主要
PJ047-TC10,PJ047,TC10,主要
PJ048-TC06,PJ048,TC06,補助
PJ048-TC12,PJ048,TC12,補助
PJ049-TC09,PJ049,TC09,主要
PJ049-TC01,PJ049,TC01,主要
PJ050-TC03,PJ050,TC03,補助
PJ050-TC04,PJ050,TC04,主要
PJ050-TC05,PJ050,TC05,主要
PJ051-TC03,PJ051,TC03,補助
PJ051-TC08,PJ051,TC08,主要
PJ052-TC02,PJ052,TC02,主要
PJ052-TC05,PJ052,TC05,主要
PJ053-TC01,PJ053,TC01,補助
PJ053-TC10,PJ053,TC10,主要
PJ054-TC11,PJ054,TC11,主要
PJ054-TC05,PJ054,TC05,主要
PJ055-TC01,PJ055,TC01,補助
PJ055-TC05,PJ055,TC05,補助
PJ056-TC02,PJ056,TC02,補助
PJ056-TC05,PJ056,TC05,主要
PJ057-TC07,PJ057,TC07,補助
PJ057-TC06,PJ057,TC06,補助
PJ058-TC03,PJ058,TC03,主要
PJ058-TC11,PJ058,TC11,補助
PJ059-TC01,PJ059,TC01,主要
PJ059-TC03,PJ059,TC03,主要
PJ060-TC03,PJ060,TC03,主要
PJ060-TC01,PJ060,TC01,補助
PJ060-TC09,PJ060,TC09,主要
PJ061-TC01,PJ061,TC01,補助
PJ061-TC05,PJ061,TC05,主要
PJ062-TC03,PJ062,TC03,補助
PJ062-TC04,PJ062,TC04,主要
PJ062-TC01,PJ062,TC01,主要
PJ063-TC01,PJ063,TC01,主要
PJ063-TC12,PJ063,TC12,主要
PJ064-TC02,PJ064,TC02,主要
PJ064-TC01,PJ064,TC01,補助
PJ065-TC03,PJ065,TC03,主要
PJ065-TC04,PJ065,TC04,主要
PJ066-TC01,PJ066,TC01,主要
PJ066-TC08,PJ066,TC08,主要
PJ067-TC06,PJ067,TC06,主要
PJ067-TC03,PJ067,TC03,主要
PJ068-TC03,PJ068,TC03,主要
PJ068-TC04,PJ068,TC04,主要
PJ069-TC01,PJ069,TC01,主要
PJ069-TC05,PJ069,TC05,主要
PJ070-TC05,PJ070,TC05,主要
PJ070-TC01,PJ070,TC01,主要
PJ071-TC05,PJ071,TC05,補助
PJ071-TC11,PJ071,TC11,主要
PJ072-TC05,PJ072,TC05,補助
PJ072-TC01,PJ072,TC01,主要
PJ073-TC09,PJ073,TC09,主要
PJ073-TC01,PJ073,TC01,主要
PJ074-TC09,PJ074,TC09,補助
PJ074-TC05,PJ074,TC05,補助
PJ075-TC11,PJ075,TC11,補助
PJ075-TC05,PJ075,TC05,主要
PJ076-TC11,PJ076,TC11,主要
PJ076-TC08,PJ076,TC08,主要
PJ077-TC07,PJ077,TC07,主要
PJ077-TC11,PJ077,TC11,補助
PJ078-TC07,PJ078,TC07,主要
PJ078-TC08,PJ078,TC08,主要
PJ079-TC03,PJ079,TC03,補助
PJ079-TC04,PJ079,TC04,主要
PJ079-TC01,PJ079,TC01,主要
PJ080-TC01,PJ080,TC01,補助
PJ080-TC05,PJ080,TC05,主要
PJ080-TC09,PJ080,TC09,主要
PJ081-TC02,PJ081,TC02,主要
PJ081-TC05,PJ081,TC05,補助
PJ082-TC03,PJ082,TC03,補助
PJ082-TC04,PJ082,TC04,主要
PJ083-TC06,PJ083,TC06,主要
PJ083-TC07,PJ083,TC07,主要
PJ084-TC05,PJ084,TC05,主要
PJ084-TC01,PJ084,TC01,主要
PJ085-TC02,PJ085,TC02,補助
PJ085-TC03,PJ085,TC03,主要
PJ086-TC01,PJ086,TC01,主要
PJ086-TC10,PJ086,TC10,主要
PJ087-TC06,PJ087,TC06,主要
PJ087-TC12,PJ087,TC12,主要
PJ088-TC09,PJ088,TC09,主要
PJ088-TC01,PJ088,TC01,主要
PJ089-TC03,PJ089,TC03,主要
PJ089-TC04,PJ089,TC04,主要
PJ089-TC05,PJ089,TC05,主要
PJ090-TC03,PJ090,TC03,主要
PJ090-TC08,PJ090,TC08,主要
PJ091-TC02,PJ091,TC02,主要
PJ091-TC05,PJ091,TC05,主要
PJ092-TC01,PJ092,TC01,補助
PJ092-TC10,PJ092,TC10,主要
PJ093-TC11,PJ093,TC11,補助
PJ093-TC05,PJ093,TC05,補助
