AvailabilityId,PersonId,YearMonth,AllocatedPercent,AvailablePercent,AvailabilityStatus
AV0001,P001,2026-08,85,15,調整可
AV0002,P001,2026-09,85,15,調整可
AV0003,P001,2026-10,85,15,調整可
AV0004,P001,2026-11,85,15,調整可
AV0005,P001,2026-12,70,30,空きあり
AV0006,P001,2027-01,70,30,空きあり
AV0007,P002,2026-08,85,15,調整可
AV0008,P002,2026-09,85,15,調整可
AV0009,P002,2026-10,85,15,調整可
AV0010,P002,2026-11,85,15,調整可
AV0011,P002,2026-12,55,45,空きあり
AV0012,P002,2027-01,55,45,空きあり
AV0013,P003,2026-08,50,50,空きあり
AV0014,P003,2026-09,100,0,逼迫
AV0015,P003,2026-10,100,0,逼迫
AV0016,P003,2026-11,100,0,逼迫
AV0017,P003,2026-12,100,0,逼迫
AV0018,P003,2027-01,100,0,逼迫
AV0019,P004,2026-08,45,55,空きあり
AV0020,P004,2026-09,45,55,空きあり
AV0021,P004,2026-10,50,50,空きあり
AV0022,P004,2026-11,55,45,空きあり
AV0023,P004,2026-12,55,45,空きあり
AV0024,P004,2027-01,55,45,空きあり
AV0025,P005,2026-08,45,55,空きあり
AV0026,P005,2026-09,45,55,空きあり
AV0027,P005,2026-10,50,50,空きあり
AV0028,P005,2026-11,55,45,空きあり
AV0029,P005,2026-12,55,45,空きあり
AV0030,P005,2027-01,55,45,空きあり
AV0031,P006,2026-08,95,5,逼迫
AV0032,P006,2026-09,95,5,逼迫
AV0033,P006,2026-10,95,5,逼迫
AV0034,P006,2026-11,95,5,逼迫
AV0035,P006,2026-12,95,5,逼迫
AV0036,P006,2027-01,95,5,逼迫
AV0037,P007,2026-08,95,5,逼迫
AV0038,P007,2026-09,95,5,逼迫
AV0039,P007,2026-10,95,5,逼迫
AV0040,P007,2026-11,95,5,逼迫
AV0041,P007,2026-12,95,5,逼迫
AV0042,P007,2027-01,65,35,空きあり
AV0043,P008,2026-08,45,55,空きあり
AV0044,P008,2026-09,45,55,空きあり
AV0045,P008,2026-10,50,50,空きあり
AV0046,P008,2026-11,55,45,空きあり
AV0047,P008,2026-12,55,45,空きあり
AV0048,P008,2027-01,55,45,空きあり
AV0049,P009,2026-08,55,45,空きあり
AV0050,P009,2026-09,75,25,調整可
AV0051,P009,2026-10,75,25,調整可
AV0052,P009,2026-11,80,20,調整可
AV0053,P009,2026-12,80,20,調整可
AV0054,P009,2027-01,55,45,空きあり
AV0055,P010,2026-08,45,55,空きあり
AV0056,P010,2026-09,45,55,空きあり
AV0057,P010,2026-10,50,50,空きあり
AV0058,P010,2026-11,55,45,空きあり
AV0059,P010,2026-12,55,45,空きあり
AV0060,P010,2027-01,55,45,空きあり
AV0061,P011,2026-08,45,55,空きあり
AV0062,P011,2026-09,45,55,空きあり
AV0063,P011,2026-10,90,10,逼迫
AV0064,P011,2026-11,90,10,逼迫
AV0065,P011,2026-12,90,10,逼迫
AV0066,P011,2027-01,90,10,逼迫
AV0067,P012,2026-08,55,45,空きあり
AV0068,P012,2026-09,85,15,調整可
AV0069,P012,2026-10,85,15,調整可
AV0070,P012,2026-11,85,15,調整可
AV0071,P012,2026-12,90,10,逼迫
AV0072,P012,2027-01,90,10,逼迫
AV0073,P013,2026-08,45,55,空きあり
AV0074,P013,2026-09,45,55,空きあり
AV0075,P013,2026-10,50,50,空きあり
AV0076,P013,2026-11,95,5,逼迫
AV0077,P013,2026-12,95,5,逼迫
AV0078,P013,2027-01,95,5,逼迫
AV0079,P014,2026-08,85,15,調整可
AV0080,P014,2026-09,85,15,調整可
AV0081,P014,2026-10,85,15,調整可
AV0082,P014,2026-11,85,15,調整可
AV0083,P014,2026-12,90,10,逼迫
AV0084,P014,2027-01,55,45,空きあり
AV0085,P015,2026-08,45,55,空きあり
AV0086,P015,2026-09,45,55,空きあり
AV0087,P015,2026-10,50,50,空きあり
AV0088,P015,2026-11,55,45,空きあり
AV0089,P015,2026-12,55,45,空きあり
AV0090,P015,2027-01,55,45,空きあり
AV0091,P016,2026-08,45,55,空きあり
AV0092,P016,2026-09,45,55,空きあり
AV0093,P016,2026-10,50,50,空きあり
AV0094,P016,2026-11,55,45,空きあり
AV0095,P016,2026-12,55,45,空きあり
AV0096,P016,2027-01,55,45,空きあり
AV0097,P017,2026-08,65,35,空きあり
AV0098,P017,2026-09,65,35,空きあり
AV0099,P017,2026-10,70,30,空きあり
AV0100,P017,2026-11,70,30,空きあり
AV0101,P017,2026-12,55,45,空きあり
AV0102,P017,2027-01,55,45,空きあり
AV0103,P018,2026-08,45,55,空きあり
AV0104,P018,2026-09,45,55,空きあり
AV0105,P018,2026-10,50,50,空きあり
AV0106,P018,2026-11,95,5,逼迫
AV0107,P018,2026-12,95,5,逼迫
AV0108,P018,2027-01,95,5,逼迫
AV0109,P019,2026-08,55,45,空きあり
AV0110,P019,2026-09,55,45,空きあり
AV0111,P019,2026-10,60,40,空きあり
AV0112,P019,2026-11,60,40,空きあり
AV0113,P019,2026-12,65,35,空きあり
AV0114,P019,2027-01,65,35,空きあり
AV0115,P020,2026-08,65,35,空きあり
AV0116,P020,2026-09,65,35,空きあり
AV0117,P020,2026-10,95,5,逼迫
AV0118,P020,2026-11,95,5,逼迫
AV0119,P020,2026-12,95,5,逼迫
AV0120,P020,2027-01,95,5,逼迫
AV0121,P021,2026-08,45,55,空きあり
AV0122,P021,2026-09,45,55,空きあり
AV0123,P021,2026-10,50,50,空きあり
AV0124,P021,2026-11,55,45,空きあり
AV0125,P021,2026-12,55,45,空きあり
AV0126,P021,2027-01,55,45,空きあり
AV0127,P022,2026-08,45,55,空きあり
AV0128,P022,2026-09,95,5,逼迫
AV0129,P022,2026-10,95,5,逼迫
AV0130,P022,2026-11,95,5,逼迫
AV0131,P022,2026-12,95,5,逼迫
AV0132,P022,2027-01,95,5,逼迫
AV0133,P023,2026-08,65,35,空きあり
AV0134,P023,2026-09,65,35,空きあり
AV0135,P023,2026-10,70,30,空きあり
AV0136,P023,2026-11,70,30,空きあり
AV0137,P023,2026-12,70,30,空きあり
AV0138,P023,2027-01,55,45,空きあり
AV0139,P024,2026-08,95,5,逼迫
AV0140,P024,2026-09,95,5,逼迫
AV0141,P024,2026-10,95,5,逼迫
AV0142,P024,2026-11,95,5,逼迫
AV0143,P024,2026-12,95,5,逼迫
AV0144,P024,2027-01,55,45,空きあり
AV0145,P025,2026-08,85,15,調整可
AV0146,P025,2026-09,85,15,調整可
AV0147,P025,2026-10,85,15,調整可
AV0148,P025,2026-11,85,15,調整可
AV0149,P025,2026-12,55,45,空きあり
AV0150,P025,2027-01,55,45,空きあり
AV0151,P026,2026-08,95,5,逼迫
AV0152,P026,2026-09,95,5,逼迫
AV0153,P026,2026-10,95,5,逼迫
AV0154,P026,2026-11,95,5,逼迫
AV0155,P026,2026-12,95,5,逼迫
AV0156,P026,2027-01,70,30,空きあり
AV0157,P027,2026-08,90,10,逼迫
AV0158,P027,2026-09,90,10,逼迫
AV0159,P027,2026-10,90,10,逼迫
AV0160,P027,2026-11,90,10,逼迫
AV0161,P027,2026-12,55,45,空きあり
AV0162,P027,2027-01,55,45,空きあり
AV0163,P028,2026-08,45,55,空きあり
AV0164,P028,2026-09,45,55,空きあり
AV0165,P028,2026-10,50,50,空きあり
AV0166,P028,2026-11,55,45,空きあり
AV0167,P028,2026-12,55,45,空きあり
AV0168,P028,2027-01,55,45,空きあり
AV0169,P029,2026-08,45,55,空きあり
AV0170,P029,2026-09,45,55,空きあり
AV0171,P029,2026-10,95,5,逼迫
AV0172,P029,2026-11,95,5,逼迫
AV0173,P029,2026-12,95,5,逼迫
AV0174,P029,2027-01,95,5,逼迫
AV0175,P030,2026-08,45,55,空きあり
AV0176,P030,2026-09,45,55,空きあり
AV0177,P030,2026-10,50,50,空きあり
AV0178,P030,2026-11,55,45,空きあり
AV0179,P030,2026-12,55,45,空きあり
AV0180,P030,2027-01,55,45,空きあり
AV0181,P031,2026-08,45,55,空きあり
AV0182,P031,2026-09,45,55,空きあり
AV0183,P031,2026-10,50,50,空きあり
AV0184,P031,2026-11,55,45,空きあり
AV0185,P031,2026-12,55,45,空きあり
AV0186,P031,2027-01,55,45,空きあり
AV0187,P032,2026-08,65,35,空きあり
AV0188,P032,2026-09,95,5,逼迫
AV0189,P032,2026-10,95,5,逼迫
AV0190,P032,2026-11,95,5,逼迫
AV0191,P032,2026-12,95,5,逼迫
AV0192,P032,2027-01,95,5,逼迫
AV0193,P033,2026-08,55,45,空きあり
AV0194,P033,2026-09,55,45,空きあり
AV0195,P033,2026-10,60,40,空きあり
AV0196,P033,2026-11,60,40,空きあり
AV0197,P033,2026-12,65,35,空きあり
AV0198,P033,2027-01,65,35,空きあり
AV0199,P034,2026-08,55,45,空きあり
AV0200,P034,2026-09,55,45,空きあり
AV0201,P034,2026-10,60,40,空きあり
AV0202,P034,2026-11,60,40,空きあり
AV0203,P034,2026-12,65,35,空きあり
AV0204,P034,2027-01,55,45,空きあり
AV0205,P035,2026-08,75,25,調整可
AV0206,P035,2026-09,75,25,調整可
AV0207,P035,2026-10,75,25,調整可
AV0208,P035,2026-11,95,5,逼迫
AV0209,P035,2026-12,95,5,逼迫
AV0210,P035,2027-01,95,5,逼迫
AV0211,P036,2026-08,90,10,逼迫
AV0212,P036,2026-09,90,10,逼迫
AV0213,P036,2026-10,90,10,逼迫
AV0214,P036,2026-11,90,10,逼迫
AV0215,P036,2026-12,90,10,逼迫
AV0216,P036,2027-01,90,10,逼迫
AV0217,P037,2026-08,95,5,逼迫
AV0218,P037,2026-09,95,5,逼迫
AV0219,P037,2026-10,95,5,逼迫
AV0220,P037,2026-11,95,5,逼迫
AV0221,P037,2026-12,95,5,逼迫
AV0222,P037,2027-01,70,30,空きあり
AV0223,P038,2026-08,45,55,空きあり
AV0224,P038,2026-09,45,55,空きあり
AV0225,P038,2026-10,50,50,空きあり
AV0226,P038,2026-11,55,45,空きあり
AV0227,P038,2026-12,55,45,空きあり
AV0228,P038,2027-01,55,45,空きあり
AV0229,P039,2026-08,75,25,調整可
AV0230,P039,2026-09,75,25,調整可
AV0231,P039,2026-10,75,25,調整可
AV0232,P039,2026-11,80,20,調整可
AV0233,P039,2026-12,80,20,調整可
AV0234,P039,2027-01,80,20,調整可
AV0235,P040,2026-08,45,55,空きあり
AV0236,P040,2026-09,45,55,空きあり
AV0237,P040,2026-10,50,50,空きあり
AV0238,P040,2026-11,55,45,空きあり
AV0239,P040,2026-12,55,45,空きあり
AV0240,P040,2027-01,55,45,空きあり
AV0241,P041,2026-08,85,15,調整可
AV0242,P041,2026-09,85,15,調整可
AV0243,P041,2026-10,85,15,調整可
AV0244,P041,2026-11,85,15,調整可
AV0245,P041,2026-12,90,10,逼迫
AV0246,P041,2027-01,90,10,逼迫
AV0247,P042,2026-08,60,40,空きあり
AV0248,P042,2026-09,60,40,空きあり
AV0249,P042,2026-10,65,35,空きあり
AV0250,P042,2026-11,65,35,空きあり
AV0251,P042,2026-12,65,35,空きあり
AV0252,P042,2027-01,70,30,空きあり
AV0253,P043,2026-08,95,5,逼迫
AV0254,P043,2026-09,95,5,逼迫
AV0255,P043,2026-10,95,5,逼迫
AV0256,P043,2026-11,95,5,逼迫
AV0257,P043,2026-12,95,5,逼迫
AV0258,P043,2027-01,95,5,逼迫
AV0259,P044,2026-08,45,55,空きあり
AV0260,P044,2026-09,90,10,逼迫
AV0261,P044,2026-10,90,10,逼迫
AV0262,P044,2026-11,90,10,逼迫
AV0263,P044,2026-12,90,10,逼迫
AV0264,P044,2027-01,90,10,逼迫
AV0265,P045,2026-08,85,15,調整可
AV0266,P045,2026-09,85,15,調整可
AV0267,P045,2026-10,85,15,調整可
AV0268,P045,2026-11,85,15,調整可
AV0269,P045,2026-12,90,10,逼迫
AV0270,P045,2027-01,90,10,逼迫
AV0271,P046,2026-08,90,10,逼迫
AV0272,P046,2026-09,90,10,逼迫
AV0273,P046,2026-10,90,10,逼迫
AV0274,P046,2026-11,90,10,逼迫
AV0275,P046,2026-12,55,45,空きあり
AV0276,P046,2027-01,55,45,空きあり
AV0277,P047,2026-08,45,55,空きあり
AV0278,P047,2026-09,45,55,空きあり
AV0279,P047,2026-10,50,50,空きあり
AV0280,P047,2026-11,55,45,空きあり
AV0281,P047,2026-12,55,45,空きあり
AV0282,P047,2027-01,55,45,空きあり
AV0283,P048,2026-08,45,55,空きあり
AV0284,P048,2026-09,45,55,空きあり
AV0285,P048,2026-10,50,50,空きあり
AV0286,P048,2026-11,55,45,空きあり
AV0287,P048,2026-12,55,45,空きあり
AV0288,P048,2027-01,55,45,空きあり
AV0289,P049,2026-08,45,55,空きあり
AV0290,P049,2026-09,45,55,空きあり
AV0291,P049,2026-10,50,50,空きあり
AV0292,P049,2026-11,55,45,空きあり
AV0293,P049,2026-12,55,45,空きあり
AV0294,P049,2027-01,55,45,空きあり
AV0295,P050,2026-08,85,15,調整可
AV0296,P050,2026-09,85,15,調整可
AV0297,P050,2026-10,85,15,調整可
AV0298,P050,2026-11,85,15,調整可
AV0299,P050,2026-12,90,10,逼迫
AV0300,P050,2027-01,90,10,逼迫
AV0301,P051,2026-08,95,5,逼迫
AV0302,P051,2026-09,95,5,逼迫
AV0303,P051,2026-10,95,5,逼迫
AV0304,P051,2026-11,95,5,逼迫
AV0305,P051,2026-12,95,5,逼迫
AV0306,P051,2027-01,55,45,空きあり
AV0307,P052,2026-08,90,10,逼迫
AV0308,P052,2026-09,90,10,逼迫
AV0309,P052,2026-10,90,10,逼迫
AV0310,P052,2026-11,90,10,逼迫
AV0311,P052,2026-12,90,10,逼迫
AV0312,P052,2027-01,90,10,逼迫
AV0313,P053,2026-08,75,25,調整可
AV0314,P053,2026-09,95,5,逼迫
AV0315,P053,2026-10,95,5,逼迫
AV0316,P053,2026-11,95,5,逼迫
AV0317,P053,2026-12,95,5,逼迫
AV0318,P053,2027-01,80,20,調整可
AV0319,P054,2026-08,90,10,逼迫
AV0320,P054,2026-09,90,10,逼迫
AV0321,P054,2026-10,90,10,逼迫
AV0322,P054,2026-11,90,10,逼迫
AV0323,P054,2026-12,55,45,空きあり
AV0324,P054,2027-01,55,45,空きあり
AV0325,P055,2026-08,75,25,調整可
AV0326,P055,2026-09,95,5,逼迫
AV0327,P055,2026-10,95,5,逼迫
AV0328,P055,2026-11,95,5,逼迫
AV0329,P055,2026-12,95,5,逼迫
AV0330,P055,2027-01,95,5,逼迫
AV0331,P056,2026-08,45,55,空きあり
AV0332,P056,2026-09,45,55,空きあり
AV0333,P056,2026-10,50,50,空きあり
AV0334,P056,2026-11,55,45,空きあり
AV0335,P056,2026-12,55,45,空きあり
AV0336,P056,2027-01,55,45,空きあり
AV0337,P057,2026-08,60,40,空きあり
AV0338,P057,2026-09,60,40,空きあり
AV0339,P057,2026-10,65,35,空きあり
AV0340,P057,2026-11,65,35,空きあり
AV0341,P057,2026-12,65,35,空きあり
AV0342,P057,2027-01,70,30,空きあり
AV0343,P058,2026-08,55,45,空きあり
AV0344,P058,2026-09,55,45,空きあり
AV0345,P058,2026-10,60,40,空きあり
AV0346,P058,2026-11,60,40,空きあり
AV0347,P058,2026-12,55,45,空きあり
AV0348,P058,2027-01,55,45,空きあり
AV0349,P059,2026-08,65,35,空きあり
AV0350,P059,2026-09,65,35,空きあり
AV0351,P059,2026-10,85,15,調整可
AV0352,P059,2026-11,85,15,調整可
AV0353,P059,2026-12,90,10,逼迫
AV0354,P059,2027-01,90,10,逼迫
AV0355,P060,2026-08,85,15,調整可
AV0356,P060,2026-09,85,15,調整可
AV0357,P060,2026-10,85,15,調整可
AV0358,P060,2026-11,85,15,調整可
AV0359,P060,2026-12,90,10,逼迫
AV0360,P060,2027-01,90,10,逼迫
AV0361,P061,2026-08,85,15,調整可
AV0362,P061,2026-09,85,15,調整可
AV0363,P061,2026-10,85,15,調整可
AV0364,P061,2026-11,85,15,調整可
AV0365,P061,2026-12,90,10,逼迫
AV0366,P061,2027-01,90,10,逼迫
AV0367,P062,2026-08,85,15,調整可
AV0368,P062,2026-09,85,15,調整可
AV0369,P062,2026-10,85,15,調整可
AV0370,P062,2026-11,85,15,調整可
AV0371,P062,2026-12,90,10,逼迫
AV0372,P062,2027-01,90,10,逼迫
AV0373,P063,2026-08,85,15,調整可
AV0374,P063,2026-09,85,15,調整可
AV0375,P063,2026-10,85,15,調整可
AV0376,P063,2026-11,85,15,調整可
AV0377,P063,2026-12,70,30,空きあり
AV0378,P063,2027-01,70,30,空きあり
AV0379,P064,2026-08,60,40,空きあり
AV0380,P064,2026-09,60,40,空きあり
AV0381,P064,2026-10,65,35,空きあり
AV0382,P064,2026-11,65,35,空きあり
AV0383,P064,2026-12,65,35,空きあり
AV0384,P064,2027-01,70,30,空きあり
AV0385,P065,2026-08,75,25,調整可
AV0386,P065,2026-09,95,5,逼迫
AV0387,P065,2026-10,95,5,逼迫
AV0388,P065,2026-11,95,5,逼迫
AV0389,P065,2026-12,95,5,逼迫
AV0390,P065,2027-01,95,5,逼迫
AV0391,P066,2026-08,45,55,空きあり
AV0392,P066,2026-09,45,55,空きあり
AV0393,P066,2026-10,50,50,空きあり
AV0394,P066,2026-11,55,45,空きあり
AV0395,P066,2026-12,55,45,空きあり
AV0396,P066,2027-01,55,45,空きあり
AV0397,P067,2026-08,45,55,空きあり
AV0398,P067,2026-09,45,55,空きあり
AV0399,P067,2026-10,50,50,空きあり
AV0400,P067,2026-11,55,45,空きあり
AV0401,P067,2026-12,55,45,空きあり
AV0402,P067,2027-01,55,45,空きあり
AV0403,P068,2026-08,85,15,調整可
AV0404,P068,2026-09,85,15,調整可
AV0405,P068,2026-10,85,15,調整可
AV0406,P068,2026-11,85,15,調整可
AV0407,P068,2026-12,90,10,逼迫
AV0408,P068,2027-01,55,45,空きあり
AV0409,P069,2026-08,85,15,調整可
AV0410,P069,2026-09,85,15,調整可
AV0411,P069,2026-10,85,15,調整可
AV0412,P069,2026-11,85,15,調整可
AV0413,P069,2026-12,90,10,逼迫
AV0414,P069,2027-01,90,10,逼迫
AV0415,P070,2026-08,95,5,逼迫
AV0416,P070,2026-09,95,5,逼迫
AV0417,P070,2026-10,95,5,逼迫
AV0418,P070,2026-11,95,5,逼迫
AV0419,P070,2026-12,95,5,逼迫
AV0420,P070,2027-01,95,5,逼迫
AV0421,P071,2026-08,90,10,逼迫
AV0422,P071,2026-09,90,10,逼迫
AV0423,P071,2026-10,90,10,逼迫
AV0424,P071,2026-11,90,10,逼迫
AV0425,P071,2026-12,90,10,逼迫
AV0426,P071,2027-01,90,10,逼迫
AV0427,P072,2026-08,90,10,逼迫
AV0428,P072,2026-09,90,10,逼迫
AV0429,P072,2026-10,90,10,逼迫
AV0430,P072,2026-11,90,10,逼迫
AV0431,P072,2026-12,90,10,逼迫
AV0432,P072,2027-01,55,45,空きあり
AV0433,P073,2026-08,95,5,逼迫
AV0434,P073,2026-09,95,5,逼迫
AV0435,P073,2026-10,95,5,逼迫
AV0436,P073,2026-11,95,5,逼迫
AV0437,P073,2026-12,95,5,逼迫
AV0438,P073,2027-01,55,45,空きあり
AV0439,P074,2026-08,65,35,空きあり
AV0440,P074,2026-09,85,15,調整可
AV0441,P074,2026-10,85,15,調整可
AV0442,P074,2026-11,85,15,調整可
AV0443,P074,2026-12,70,30,空きあり
AV0444,P074,2027-01,55,45,空きあり
AV0445,P075,2026-08,85,15,調整可
AV0446,P075,2026-09,85,15,調整可
AV0447,P075,2026-10,85,15,調整可
AV0448,P075,2026-11,85,15,調整可
AV0449,P075,2026-12,90,10,逼迫
AV0450,P075,2027-01,55,45,空きあり
AV0451,P076,2026-08,45,55,空きあり
AV0452,P076,2026-09,45,55,空きあり
AV0453,P076,2026-10,50,50,空きあり
AV0454,P076,2026-11,55,45,空きあり
AV0455,P076,2026-12,55,45,空きあり
AV0456,P076,2027-01,55,45,空きあり
AV0457,P077,2026-08,45,55,空きあり
AV0458,P077,2026-09,45,55,空きあり
AV0459,P077,2026-10,50,50,空きあり
AV0460,P077,2026-11,55,45,空きあり
AV0461,P077,2026-12,55,45,空きあり
AV0462,P077,2027-01,55,45,空きあり
AV0463,P078,2026-08,45,55,空きあり
AV0464,P078,2026-09,45,55,空きあり
AV0465,P078,2026-10,50,50,空きあり
AV0466,P078,2026-11,80,20,調整可
AV0467,P078,2026-12,80,20,調整可
AV0468,P078,2027-01,80,20,調整可
AV0469,P079,2026-08,85,15,調整可
AV0470,P079,2026-09,85,15,調整可
AV0471,P079,2026-10,85,15,調整可
AV0472,P079,2026-11,85,15,調整可
AV0473,P079,2026-12,90,10,逼迫
AV0474,P079,2027-01,65,35,空きあり
AV0475,P080,2026-08,95,5,逼迫
AV0476,P080,2026-09,95,5,逼迫
AV0477,P080,2026-10,95,5,逼迫
AV0478,P080,2026-11,95,5,逼迫
AV0479,P080,2026-12,95,5,逼迫
AV0480,P080,2027-01,95,5,逼迫
AV0481,P081,2026-08,95,5,逼迫
AV0482,P081,2026-09,95,5,逼迫
AV0483,P081,2026-10,95,5,逼迫
AV0484,P081,2026-11,95,5,逼迫
AV0485,P081,2026-12,55,45,空きあり
AV0486,P081,2027-01,55,45,空きあり
AV0487,P082,2026-08,75,25,調整可
AV0488,P082,2026-09,75,25,調整可
AV0489,P082,2026-10,95,5,逼迫
AV0490,P082,2026-11,80,20,調整可
AV0491,P082,2026-12,80,20,調整可
AV0492,P082,2027-01,80,20,調整可
AV0493,P083,2026-08,45,55,空きあり
AV0494,P083,2026-09,45,55,空きあり
AV0495,P083,2026-10,50,50,空きあり
AV0496,P083,2026-11,55,45,空きあり
AV0497,P083,2026-12,55,45,空きあり
AV0498,P083,2027-01,55,45,空きあり
AV0499,P084,2026-08,45,55,空きあり
AV0500,P084,2026-09,90,10,逼迫
AV0501,P084,2026-10,90,10,逼迫
AV0502,P084,2026-11,90,10,逼迫
AV0503,P084,2026-12,65,35,空きあり
AV0504,P084,2027-01,70,30,空きあり
AV0505,P085,2026-08,95,5,逼迫
AV0506,P085,2026-09,95,5,逼迫
AV0507,P085,2026-10,95,5,逼迫
AV0508,P085,2026-11,95,5,逼迫
AV0509,P085,2026-12,70,30,空きあり
AV0510,P085,2027-01,70,30,空きあり
AV0511,P086,2026-08,95,5,逼迫
AV0512,P086,2026-09,95,5,逼迫
AV0513,P086,2026-10,95,5,逼迫
AV0514,P086,2026-11,95,5,逼迫
AV0515,P086,2026-12,70,30,空きあり
AV0516,P086,2027-01,55,45,空きあり
AV0517,P087,2026-08,45,55,空きあり
AV0518,P087,2026-09,45,55,空きあり
AV0519,P087,2026-10,50,50,空きあり
AV0520,P087,2026-11,55,45,空きあり
AV0521,P087,2026-12,55,45,空きあり
AV0522,P087,2027-01,55,45,空きあり
AV0523,P088,2026-08,45,55,空きあり
AV0524,P088,2026-09,45,55,空きあり
AV0525,P088,2026-10,60,40,空きあり
AV0526,P088,2026-11,60,40,空きあり
AV0527,P088,2026-12,65,35,空きあり
AV0528,P088,2027-01,65,35,空きあり
AV0529,P089,2026-08,45,55,空きあり
AV0530,P089,2026-09,45,55,空きあり
AV0531,P089,2026-10,50,50,空きあり
AV0532,P089,2026-11,55,45,空きあり
AV0533,P089,2026-12,55,45,空きあり
AV0534,P089,2027-01,55,45,空きあり
AV0535,P090,2026-08,60,40,空きあり
AV0536,P090,2026-09,60,40,空きあり
AV0537,P090,2026-10,90,10,逼迫
AV0538,P090,2026-11,90,10,逼迫
AV0539,P090,2026-12,90,10,逼迫
AV0540,P090,2027-01,90,10,逼迫
AV0541,P091,2026-08,45,55,空きあり
AV0542,P091,2026-09,45,55,空きあり
AV0543,P091,2026-10,50,50,空きあり
AV0544,P091,2026-11,55,45,空きあり
AV0545,P091,2026-12,55,45,空きあり
AV0546,P091,2027-01,55,45,空きあり
AV0547,P092,2026-08,45,55,空きあり
AV0548,P092,2026-09,55,45,空きあり
AV0549,P092,2026-10,60,40,空きあり
AV0550,P092,2026-11,60,40,空きあり
AV0551,P092,2026-12,65,35,空きあり
AV0552,P092,2027-01,65,35,空きあり
AV0553,P093,2026-08,95,5,逼迫
AV0554,P093,2026-09,95,5,逼迫
AV0555,P093,2026-10,95,5,逼迫
AV0556,P093,2026-11,95,5,逼迫
AV0557,P093,2026-12,95,5,逼迫
AV0558,P093,2027-01,65,35,空きあり
AV0559,P094,2026-08,95,5,逼迫
AV0560,P094,2026-09,95,5,逼迫
AV0561,P094,2026-10,95,5,逼迫
AV0562,P094,2026-11,95,5,逼迫
AV0563,P094,2026-12,95,5,逼迫
AV0564,P094,2027-01,95,5,逼迫
AV0565,P095,2026-08,90,10,逼迫
AV0566,P095,2026-09,90,10,逼迫
AV0567,P095,2026-10,90,10,逼迫
AV0568,P095,2026-11,90,10,逼迫
AV0569,P095,2026-12,90,10,逼迫
AV0570,P095,2027-01,55,45,空きあり
AV0571,P096,2026-08,45,55,空きあり
AV0572,P096,2026-09,45,55,空きあり
AV0573,P096,2026-10,50,50,空きあり
AV0574,P096,2026-11,55,45,空きあり
AV0575,P096,2026-12,55,45,空きあり
AV0576,P096,2027-01,55,45,空きあり
AV0577,P097,2026-08,85,15,調整可
AV0578,P097,2026-09,85,15,調整可
AV0579,P097,2026-10,85,15,調整可
AV0580,P097,2026-11,85,15,調整可
AV0581,P097,2026-12,90,10,逼迫
AV0582,P097,2027-01,90,10,逼迫
AV0583,P098,2026-08,45,55,空きあり
AV0584,P098,2026-09,95,5,逼迫
AV0585,P098,2026-10,95,5,逼迫
AV0586,P098,2026-11,95,5,逼迫
AV0587,P098,2026-12,95,5,逼迫
AV0588,P098,2027-01,95,5,逼迫
AV0589,P099,2026-08,85,15,調整可
AV0590,P099,2026-09,85,15,調整可
AV0591,P099,2026-10,85,15,調整可
AV0592,P099,2026-11,85,15,調整可
AV0593,P099,2026-12,90,10,逼迫
AV0594,P099,2027-01,90,10,逼迫
AV0595,P100,2026-08,85,15,調整可
AV0596,P100,2026-09,85,15,調整可
AV0597,P100,2026-10,85,15,調整可
AV0598,P100,2026-11,85,15,調整可
AV0599,P100,2026-12,55,45,空きあり
AV0600,P100,2027-01,55,45,空きあり
AV0601,P101,2026-08,95,5,逼迫
AV0602,P101,2026-09,95,5,逼迫
AV0603,P101,2026-10,95,5,逼迫
AV0604,P101,2026-11,95,5,逼迫
AV0605,P101,2026-12,95,5,逼迫
AV0606,P101,2027-01,55,45,空きあり
AV0607,P102,2026-08,85,15,調整可
AV0608,P102,2026-09,85,15,調整可
AV0609,P102,2026-10,85,15,調整可
AV0610,P102,2026-11,85,15,調整可
AV0611,P102,2026-12,90,10,逼迫
AV0612,P102,2027-01,55,45,空きあり
AV0613,P103,2026-08,55,45,空きあり
AV0614,P103,2026-09,75,25,調整可
AV0615,P103,2026-10,95,5,逼迫
AV0616,P103,2026-11,95,5,逼迫
AV0617,P103,2026-12,70,30,空きあり
AV0618,P103,2027-01,70,30,空きあり
AV0619,P104,2026-08,45,55,空きあり
AV0620,P104,2026-09,45,55,空きあり
AV0621,P104,2026-10,95,5,逼迫
AV0622,P104,2026-11,95,5,逼迫
AV0623,P104,2026-12,95,5,逼迫
AV0624,P104,2027-01,95,5,逼迫
AV0625,P105,2026-08,90,10,逼迫
AV0626,P105,2026-09,90,10,逼迫
AV0627,P105,2026-10,90,10,逼迫
AV0628,P105,2026-11,90,10,逼迫
AV0629,P105,2026-12,90,10,逼迫
AV0630,P105,2027-01,90,10,逼迫
AV0631,P106,2026-08,45,55,空きあり
AV0632,P106,2026-09,45,55,空きあり
AV0633,P106,2026-10,50,50,空きあり
AV0634,P106,2026-11,55,45,空きあり
AV0635,P106,2026-12,55,45,空きあり
AV0636,P106,2027-01,55,45,空きあり
AV0637,P107,2026-08,85,15,調整可
AV0638,P107,2026-09,85,15,調整可
AV0639,P107,2026-10,85,15,調整可
AV0640,P107,2026-11,85,15,調整可
AV0641,P107,2026-12,90,10,逼迫
AV0642,P107,2027-01,90,10,逼迫
AV0643,P108,2026-08,55,45,空きあり
AV0644,P108,2026-09,55,45,空きあり
AV0645,P108,2026-10,60,40,空きあり
AV0646,P108,2026-11,60,40,空きあり
AV0647,P108,2026-12,65,35,空きあり
AV0648,P108,2027-01,65,35,空きあり
AV0649,P109,2026-08,45,55,空きあり
AV0650,P109,2026-09,45,55,空きあり
AV0651,P109,2026-10,50,50,空きあり
AV0652,P109,2026-11,55,45,空きあり
AV0653,P109,2026-12,55,45,空きあり
AV0654,P109,2027-01,55,45,空きあり
AV0655,P110,2026-08,45,55,空きあり
AV0656,P110,2026-09,45,55,空きあり
AV0657,P110,2026-10,50,50,空きあり
AV0658,P110,2026-11,55,45,空きあり
AV0659,P110,2026-12,55,45,空きあり
AV0660,P110,2027-01,55,45,空きあり
AV0661,P111,2026-08,45,55,空きあり
AV0662,P111,2026-09,45,55,空きあり
AV0663,P111,2026-10,50,50,空きあり
AV0664,P111,2026-11,55,45,空きあり
AV0665,P111,2026-12,55,45,空きあり
AV0666,P111,2027-01,55,45,空きあり
AV0667,P112,2026-08,75,25,調整可
AV0668,P112,2026-09,95,5,逼迫
AV0669,P112,2026-10,95,5,逼迫
AV0670,P112,2026-11,95,5,逼迫
AV0671,P112,2026-12,95,5,逼迫
AV0672,P112,2027-01,95,5,逼迫
AV0673,P113,2026-08,60,40,空きあり
AV0674,P113,2026-09,80,20,調整可
AV0675,P113,2026-10,80,20,調整可
AV0676,P113,2026-11,85,15,調整可
AV0677,P113,2026-12,85,15,調整可
AV0678,P113,2027-01,85,15,調整可
AV0679,P114,2026-08,45,55,空きあり
AV0680,P114,2026-09,45,55,空きあり
AV0681,P114,2026-10,50,50,空きあり
AV0682,P114,2026-11,55,45,空きあり
AV0683,P114,2026-12,55,45,空きあり
AV0684,P114,2027-01,55,45,空きあり
AV0685,P115,2026-08,100,0,逼迫
AV0686,P115,2026-09,100,0,逼迫
AV0687,P115,2026-10,100,0,逼迫
AV0688,P115,2026-11,100,0,逼迫
AV0689,P115,2026-12,55,45,空きあり
AV0690,P115,2027-01,55,45,空きあり
AV0691,P116,2026-08,95,5,逼迫
AV0692,P116,2026-09,95,5,逼迫
AV0693,P116,2026-10,95,5,逼迫
AV0694,P116,2026-11,95,5,逼迫
AV0695,P116,2026-12,95,5,逼迫
AV0696,P116,2027-01,95,5,逼迫
AV0697,P117,2026-08,45,55,空きあり
AV0698,P117,2026-09,90,10,逼迫
AV0699,P117,2026-10,90,10,逼迫
AV0700,P117,2026-11,90,10,逼迫
AV0701,P117,2026-12,90,10,逼迫
AV0702,P117,2027-01,90,10,逼迫
AV0703,P118,2026-08,45,55,空きあり
AV0704,P118,2026-09,45,55,空きあり
AV0705,P118,2026-10,50,50,空きあり
AV0706,P118,2026-11,55,45,空きあり
AV0707,P118,2026-12,55,45,空きあり
AV0708,P118,2027-01,55,45,空きあり
AV0709,P119,2026-08,45,55,空きあり
AV0710,P119,2026-09,45,55,空きあり
AV0711,P119,2026-10,50,50,空きあり
AV0712,P119,2026-11,55,45,空きあり
AV0713,P119,2026-12,55,45,空きあり
AV0714,P119,2027-01,55,45,空きあり
AV0715,P120,2026-08,85,15,調整可
AV0716,P120,2026-09,85,15,調整可
AV0717,P120,2026-10,85,15,調整可
AV0718,P120,2026-11,85,15,調整可
AV0719,P120,2026-12,90,10,逼迫
AV0720,P120,2027-01,90,10,逼迫
AV0721,P121,2026-08,90,10,逼迫
AV0722,P121,2026-09,90,10,逼迫
AV0723,P121,2026-10,90,10,逼迫
AV0724,P121,2026-11,55,45,空きあり
AV0725,P121,2026-12,55,45,空きあり
AV0726,P121,2027-01,55,45,空きあり
AV0727,P122,2026-08,90,10,逼迫
AV0728,P122,2026-09,90,10,逼迫
AV0729,P122,2026-10,90,10,逼迫
AV0730,P122,2026-11,90,10,逼迫
AV0731,P122,2026-12,55,45,空きあり
AV0732,P122,2027-01,55,45,空きあり
AV0733,P123,2026-08,95,5,逼迫
AV0734,P123,2026-09,95,5,逼迫
AV0735,P123,2026-10,95,5,逼迫
AV0736,P123,2026-11,95,5,逼迫
AV0737,P123,2026-12,95,5,逼迫
AV0738,P123,2027-01,95,5,逼迫
AV0739,P124,2026-08,85,15,調整可
AV0740,P124,2026-09,85,15,調整可
AV0741,P124,2026-10,85,15,調整可
AV0742,P124,2026-11,85,15,調整可
AV0743,P124,2026-12,90,10,逼迫
AV0744,P124,2027-01,55,45,空きあり
AV0745,P125,2026-08,95,5,逼迫
AV0746,P125,2026-09,95,5,逼迫
AV0747,P125,2026-10,95,5,逼迫
AV0748,P125,2026-11,95,5,逼迫
AV0749,P125,2026-12,95,5,逼迫
AV0750,P125,2027-01,95,5,逼迫
AV0751,P126,2026-08,75,25,調整可
AV0752,P126,2026-09,75,25,調整可
AV0753,P126,2026-10,75,25,調整可
AV0754,P126,2026-11,80,20,調整可
AV0755,P126,2026-12,80,20,調整可
AV0756,P126,2027-01,65,35,空きあり
AV0757,P127,2026-08,45,55,空きあり
AV0758,P127,2026-09,45,55,空きあり
AV0759,P127,2026-10,50,50,空きあり
AV0760,P127,2026-11,55,45,空きあり
AV0761,P127,2026-12,55,45,空きあり
AV0762,P127,2027-01,55,45,空きあり
AV0763,P128,2026-08,85,15,調整可
AV0764,P128,2026-09,85,15,調整可
AV0765,P128,2026-10,85,15,調整可
AV0766,P128,2026-11,85,15,調整可
AV0767,P128,2026-12,90,10,逼迫
AV0768,P128,2027-01,90,10,逼迫
AV0769,P129,2026-08,45,55,空きあり
AV0770,P129,2026-09,45,55,空きあり
AV0771,P129,2026-10,50,50,空きあり
AV0772,P129,2026-11,55,45,空きあり
AV0773,P129,2026-12,55,45,空きあり
AV0774,P129,2027-01,55,45,空きあり
AV0775,P130,2026-08,65,35,空きあり
AV0776,P130,2026-09,65,35,空きあり
AV0777,P130,2026-10,70,30,空きあり
AV0778,P130,2026-11,55,45,空きあり
AV0779,P130,2026-12,55,45,空きあり
AV0780,P130,2027-01,55,45,空きあり
AV0781,P131,2026-08,90,10,逼迫
AV0782,P131,2026-09,90,10,逼迫
AV0783,P131,2026-10,90,10,逼迫
AV0784,P131,2026-11,90,10,逼迫
AV0785,P131,2026-12,90,10,逼迫
AV0786,P131,2027-01,90,10,逼迫
AV0787,P132,2026-08,45,55,空きあり
AV0788,P132,2026-09,45,55,空きあり
AV0789,P132,2026-10,85,15,調整可
AV0790,P132,2026-11,85,15,調整可
AV0791,P132,2026-12,90,10,逼迫
AV0792,P132,2027-01,90,10,逼迫
AV0793,P133,2026-08,45,55,空きあり
AV0794,P133,2026-09,60,40,空きあり
AV0795,P133,2026-10,65,35,空きあり
AV0796,P133,2026-11,65,35,空きあり
AV0797,P133,2026-12,65,35,空きあり
AV0798,P133,2027-01,70,30,空きあり
AV0799,P134,2026-08,45,55,空きあり
AV0800,P134,2026-09,60,40,空きあり
AV0801,P134,2026-10,65,35,空きあり
AV0802,P134,2026-11,65,35,空きあり
AV0803,P134,2026-12,65,35,空きあり
AV0804,P134,2027-01,70,30,空きあり
AV0805,P135,2026-08,90,10,逼迫
AV0806,P135,2026-09,90,10,逼迫
AV0807,P135,2026-10,90,10,逼迫
AV0808,P135,2026-11,90,10,逼迫
AV0809,P135,2026-12,90,10,逼迫
AV0810,P135,2027-01,90,10,逼迫
AV0811,P136,2026-08,55,45,空きあり
AV0812,P136,2026-09,55,45,空きあり
AV0813,P136,2026-10,60,40,空きあり
AV0814,P136,2026-11,60,40,空きあり
AV0815,P136,2026-12,65,35,空きあり
AV0816,P136,2027-01,65,35,空きあり
AV0817,P137,2026-08,95,5,逼迫
AV0818,P137,2026-09,95,5,逼迫
AV0819,P137,2026-10,95,5,逼迫
AV0820,P137,2026-11,95,5,逼迫
AV0821,P137,2026-12,55,45,空きあり
AV0822,P137,2027-01,55,45,空きあり
AV0823,P138,2026-08,85,15,調整可
AV0824,P138,2026-09,85,15,調整可
AV0825,P138,2026-10,85,15,調整可
AV0826,P138,2026-11,85,15,調整可
AV0827,P138,2026-12,90,10,逼迫
AV0828,P138,2027-01,90,10,逼迫
AV0829,P139,2026-08,45,55,空きあり
AV0830,P139,2026-09,45,55,空きあり
AV0831,P139,2026-10,90,10,逼迫
AV0832,P139,2026-11,90,10,逼迫
AV0833,P139,2026-12,90,10,逼迫
AV0834,P139,2027-01,90,10,逼迫
AV0835,P140,2026-08,85,15,調整可
AV0836,P140,2026-09,85,15,調整可
AV0837,P140,2026-10,85,15,調整可
AV0838,P140,2026-11,85,15,調整可
AV0839,P140,2026-12,55,45,空きあり
AV0840,P140,2027-01,55,45,空きあり
AV0841,P141,2026-08,45,55,空きあり
AV0842,P141,2026-09,85,15,調整可
AV0843,P141,2026-10,85,15,調整可
AV0844,P141,2026-11,85,15,調整可
AV0845,P141,2026-12,90,10,逼迫
AV0846,P141,2027-01,90,10,逼迫
AV0847,P142,2026-08,45,55,空きあり
AV0848,P142,2026-09,45,55,空きあり
AV0849,P142,2026-10,50,50,空きあり
AV0850,P142,2026-11,55,45,空きあり
AV0851,P142,2026-12,55,45,空きあり
AV0852,P142,2027-01,55,45,空きあり
AV0853,P143,2026-08,45,55,空きあり
AV0854,P143,2026-09,45,55,空きあり
AV0855,P143,2026-10,50,50,空きあり
AV0856,P143,2026-11,55,45,空きあり
AV0857,P143,2026-12,55,45,空きあり
AV0858,P143,2027-01,55,45,空きあり
AV0859,P144,2026-08,85,15,調整可
AV0860,P144,2026-09,85,15,調整可
AV0861,P144,2026-10,85,15,調整可
AV0862,P144,2026-11,85,15,調整可
AV0863,P144,2026-12,90,10,逼迫
AV0864,P144,2027-01,70,30,空きあり
AV0865,P145,2026-08,90,10,逼迫
AV0866,P145,2026-09,90,10,逼迫
AV0867,P145,2026-10,90,10,逼迫
AV0868,P145,2026-11,90,10,逼迫
AV0869,P145,2026-12,90,10,逼迫
AV0870,P145,2027-01,90,10,逼迫
AV0871,P146,2026-08,45,55,空きあり
AV0872,P146,2026-09,45,55,空きあり
AV0873,P146,2026-10,50,50,空きあり
AV0874,P146,2026-11,55,45,空きあり
AV0875,P146,2026-12,55,45,空きあり
AV0876,P146,2027-01,55,45,空きあり
AV0877,P147,2026-08,45,55,空きあり
AV0878,P147,2026-09,45,55,空きあり
AV0879,P147,2026-10,50,50,空きあり
AV0880,P147,2026-11,55,45,空きあり
AV0881,P147,2026-12,55,45,空きあり
AV0882,P147,2027-01,55,45,空きあり
AV0883,P148,2026-08,45,55,空きあり
AV0884,P148,2026-09,95,5,逼迫
AV0885,P148,2026-10,95,5,逼迫
AV0886,P148,2026-11,95,5,逼迫
AV0887,P148,2026-12,95,5,逼迫
AV0888,P148,2027-01,95,5,逼迫
AV0889,P149,2026-08,45,55,空きあり
AV0890,P149,2026-09,90,10,逼迫
AV0891,P149,2026-10,90,10,逼迫
AV0892,P149,2026-11,90,10,逼迫
AV0893,P149,2026-12,90,10,逼迫
AV0894,P149,2027-01,90,10,逼迫
AV0895,P150,2026-08,45,55,空きあり
AV0896,P150,2026-09,45,55,空きあり
AV0897,P150,2026-10,50,50,空きあり
AV0898,P150,2026-11,55,45,空きあり
AV0899,P150,2026-12,55,45,空きあり
AV0900,P150,2027-01,55,45,空きあり
AV0901,P151,2026-08,45,55,空きあり
AV0902,P151,2026-09,45,55,空きあり
AV0903,P151,2026-10,50,50,空きあり
AV0904,P151,2026-11,70,30,空きあり
AV0905,P151,2026-12,70,30,空きあり
AV0906,P151,2027-01,70,30,空きあり
AV0907,P152,2026-08,85,15,調整可
AV0908,P152,2026-09,85,15,調整可
AV0909,P152,2026-10,85,15,調整可
AV0910,P152,2026-11,85,15,調整可
AV0911,P152,2026-12,90,10,逼迫
AV0912,P152,2027-01,55,45,空きあり
AV0913,P153,2026-08,85,15,調整可
AV0914,P153,2026-09,85,15,調整可
AV0915,P153,2026-10,85,15,調整可
AV0916,P153,2026-11,85,15,調整可
AV0917,P153,2026-12,90,10,逼迫
AV0918,P153,2027-01,90,10,逼迫
AV0919,P154,2026-08,90,10,逼迫
AV0920,P154,2026-09,90,10,逼迫
AV0921,P154,2026-10,90,10,逼迫
AV0922,P154,2026-11,90,10,逼迫
AV0923,P154,2026-12,90,10,逼迫
AV0924,P154,2027-01,90,10,逼迫
AV0925,P155,2026-08,95,5,逼迫
AV0926,P155,2026-09,95,5,逼迫
AV0927,P155,2026-10,95,5,逼迫
AV0928,P155,2026-11,95,5,逼迫
AV0929,P155,2026-12,95,5,逼迫
AV0930,P155,2027-01,95,5,逼迫
AV0931,P156,2026-08,45,55,空きあり
AV0932,P156,2026-09,45,55,空きあり
AV0933,P156,2026-10,50,50,空きあり
AV0934,P156,2026-11,60,40,空きあり
AV0935,P156,2026-12,65,35,空きあり
AV0936,P156,2027-01,65,35,空きあり
AV0937,P157,2026-08,45,55,空きあり
AV0938,P157,2026-09,45,55,空きあり
AV0939,P157,2026-10,50,50,空きあり
AV0940,P157,2026-11,55,45,空きあり
AV0941,P157,2026-12,55,45,空きあり
AV0942,P157,2027-01,55,45,空きあり
AV0943,P158,2026-08,85,15,調整可
AV0944,P158,2026-09,85,15,調整可
AV0945,P158,2026-10,85,15,調整可
AV0946,P158,2026-11,85,15,調整可
AV0947,P158,2026-12,90,10,逼迫
AV0948,P158,2027-01,90,10,逼迫
AV0949,P159,2026-08,75,25,調整可
AV0950,P159,2026-09,95,5,逼迫
AV0951,P159,2026-10,95,5,逼迫
AV0952,P159,2026-11,95,5,逼迫
AV0953,P159,2026-12,95,5,逼迫
AV0954,P159,2027-01,95,5,逼迫
AV0955,P160,2026-08,95,5,逼迫
AV0956,P160,2026-09,95,5,逼迫
AV0957,P160,2026-10,95,5,逼迫
AV0958,P160,2026-11,95,5,逼迫
AV0959,P160,2026-12,95,5,逼迫
AV0960,P160,2027-01,95,5,逼迫
AV0961,P161,2026-08,45,55,空きあり
AV0962,P161,2026-09,45,55,空きあり
AV0963,P161,2026-10,50,50,空きあり
AV0964,P161,2026-11,55,45,空きあり
AV0965,P161,2026-12,55,45,空きあり
AV0966,P161,2027-01,55,45,空きあり
AV0967,P162,2026-08,45,55,空きあり
AV0968,P162,2026-09,45,55,空きあり
AV0969,P162,2026-10,50,50,空きあり
AV0970,P162,2026-11,55,45,空きあり
AV0971,P162,2026-12,55,45,空きあり
AV0972,P162,2027-01,55,45,空きあり
AV0973,P163,2026-08,55,45,空きあり
AV0974,P163,2026-09,85,15,調整可
AV0975,P163,2026-10,85,15,調整可
AV0976,P163,2026-11,85,15,調整可
AV0977,P163,2026-12,90,10,逼迫
AV0978,P163,2027-01,65,35,空きあり
AV0979,P164,2026-08,45,55,空きあり
AV0980,P164,2026-09,45,55,空きあり
AV0981,P164,2026-10,50,50,空きあり
AV0982,P164,2026-11,55,45,空きあり
AV0983,P164,2026-12,55,45,空きあり
AV0984,P164,2027-01,55,45,空きあり
AV0985,P165,2026-08,45,55,空きあり
AV0986,P165,2026-09,95,5,逼迫
AV0987,P165,2026-10,95,5,逼迫
AV0988,P165,2026-11,95,5,逼迫
AV0989,P165,2026-12,95,5,逼迫
AV0990,P165,2027-01,95,5,逼迫
AV0991,P166,2026-08,45,55,空きあり
AV0992,P166,2026-09,85,15,調整可
AV0993,P166,2026-10,85,15,調整可
AV0994,P166,2026-11,85,15,調整可
AV0995,P166,2026-12,90,10,逼迫
AV0996,P166,2027-01,90,10,逼迫
AV0997,P167,2026-08,95,5,逼迫
AV0998,P167,2026-09,95,5,逼迫
AV0999,P167,2026-10,95,5,逼迫
AV1000,P167,2026-11,95,5,逼迫
AV1001,P167,2026-12,55,45,空きあり
AV1002,P167,2027-01,55,45,空きあり
AV1003,P168,2026-08,65,35,空きあり
AV1004,P168,2026-09,65,35,空きあり
AV1005,P168,2026-10,95,5,逼迫
AV1006,P168,2026-11,95,5,逼迫
AV1007,P168,2026-12,95,5,逼迫
AV1008,P168,2027-01,95,5,逼迫
AV1009,P169,2026-08,95,5,逼迫
AV1010,P169,2026-09,95,5,逼迫
AV1011,P169,2026-10,95,5,逼迫
AV1012,P169,2026-11,95,5,逼迫
AV1013,P169,2026-12,95,5,逼迫
AV1014,P169,2027-01,95,5,逼迫
AV1015,P170,2026-08,75,25,調整可
AV1016,P170,2026-09,95,5,逼迫
AV1017,P170,2026-10,95,5,逼迫
AV1018,P170,2026-11,95,5,逼迫
AV1019,P170,2026-12,70,30,空きあり
AV1020,P170,2027-01,70,30,空きあり
AV1021,P171,2026-08,45,55,空きあり
AV1022,P171,2026-09,45,55,空きあり
AV1023,P171,2026-10,50,50,空きあり
AV1024,P171,2026-11,55,45,空きあり
AV1025,P171,2026-12,55,45,空きあり
AV1026,P171,2027-01,55,45,空きあり
AV1027,P172,2026-08,45,55,空きあり
AV1028,P172,2026-09,45,55,空きあり
AV1029,P172,2026-10,50,50,空きあり
AV1030,P172,2026-11,55,45,空きあり
AV1031,P172,2026-12,55,45,空きあり
AV1032,P172,2027-01,55,45,空きあり
AV1033,P173,2026-08,65,35,空きあり
AV1034,P173,2026-09,85,15,調整可
AV1035,P173,2026-10,85,15,調整可
AV1036,P173,2026-11,85,15,調整可
AV1037,P173,2026-12,90,10,逼迫
AV1038,P173,2027-01,65,35,空きあり
AV1039,P174,2026-08,95,5,逼迫
AV1040,P174,2026-09,95,5,逼迫
AV1041,P174,2026-10,95,5,逼迫
AV1042,P174,2026-11,95,5,逼迫
AV1043,P174,2026-12,95,5,逼迫
AV1044,P174,2027-01,70,30,空きあり
AV1045,P175,2026-08,90,10,逼迫
AV1046,P175,2026-09,90,10,逼迫
AV1047,P175,2026-10,90,10,逼迫
AV1048,P175,2026-11,90,10,逼迫
AV1049,P175,2026-12,90,10,逼迫
AV1050,P175,2027-01,90,10,逼迫
AV1051,P176,2026-08,85,15,調整可
AV1052,P176,2026-09,85,15,調整可
AV1053,P176,2026-10,85,15,調整可
AV1054,P176,2026-11,85,15,調整可
AV1055,P176,2026-12,90,10,逼迫
AV1056,P176,2027-01,90,10,逼迫
AV1057,P177,2026-08,45,55,空きあり
AV1058,P177,2026-09,45,55,空きあり
AV1059,P177,2026-10,85,15,調整可
AV1060,P177,2026-11,85,15,調整可
AV1061,P177,2026-12,90,10,逼迫
AV1062,P177,2027-01,90,10,逼迫
AV1063,P178,2026-08,95,5,逼迫
AV1064,P178,2026-09,95,5,逼迫
AV1065,P178,2026-10,95,5,逼迫
AV1066,P178,2026-11,95,5,逼迫
AV1067,P178,2026-12,95,5,逼迫
AV1068,P178,2027-01,95,5,逼迫
AV1069,P179,2026-08,45,55,空きあり
AV1070,P179,2026-09,45,55,空きあり
AV1071,P179,2026-10,85,15,調整可
AV1072,P179,2026-11,85,15,調整可
AV1073,P179,2026-12,90,10,逼迫
AV1074,P179,2027-01,90,10,逼迫
AV1075,P180,2026-08,75,25,調整可
AV1076,P180,2026-09,95,5,逼迫
AV1077,P180,2026-10,95,5,逼迫
AV1078,P180,2026-11,95,5,逼迫
AV1079,P180,2026-12,95,5,逼迫
AV1080,P180,2027-01,95,5,逼迫
AV1081,P181,2026-08,85,15,調整可
AV1082,P181,2026-09,85,15,調整可
AV1083,P181,2026-10,85,15,調整可
AV1084,P181,2026-11,85,15,調整可
AV1085,P181,2026-12,90,10,逼迫
AV1086,P181,2027-01,55,45,空きあり
AV1087,P182,2026-08,85,15,調整可
AV1088,P182,2026-09,85,15,調整可
AV1089,P182,2026-10,85,15,調整可
AV1090,P182,2026-11,85,15,調整可
AV1091,P182,2026-12,90,10,逼迫
AV1092,P182,2027-01,65,35,空きあり
AV1093,P183,2026-08,65,35,空きあり
AV1094,P183,2026-09,65,35,空きあり
AV1095,P183,2026-10,70,30,空きあり
AV1096,P183,2026-11,70,30,空きあり
AV1097,P183,2026-12,70,30,空きあり
AV1098,P183,2027-01,70,30,空きあり
AV1099,P184,2026-08,95,5,逼迫
AV1100,P184,2026-09,95,5,逼迫
AV1101,P184,2026-10,95,5,逼迫
AV1102,P184,2026-11,95,5,逼迫
AV1103,P184,2026-12,95,5,逼迫
AV1104,P184,2027-01,95,5,逼迫
AV1105,P185,2026-08,45,55,空きあり
AV1106,P185,2026-09,85,15,調整可
AV1107,P185,2026-10,85,15,調整可
AV1108,P185,2026-11,85,15,調整可
AV1109,P185,2026-12,90,10,逼迫
AV1110,P185,2027-01,90,10,逼迫
AV1111,P186,2026-08,45,55,空きあり
AV1112,P186,2026-09,85,15,調整可
AV1113,P186,2026-10,85,15,調整可
AV1114,P186,2026-11,85,15,調整可
AV1115,P186,2026-12,90,10,逼迫
AV1116,P186,2027-01,70,30,空きあり
AV1117,P187,2026-08,95,5,逼迫
AV1118,P187,2026-09,95,5,逼迫
AV1119,P187,2026-10,95,5,逼迫
AV1120,P187,2026-11,55,45,空きあり
AV1121,P187,2026-12,55,45,空きあり
AV1122,P187,2027-01,55,45,空きあり
AV1123,P188,2026-08,95,5,逼迫
AV1124,P188,2026-09,95,5,逼迫
AV1125,P188,2026-10,95,5,逼迫
AV1126,P188,2026-11,95,5,逼迫
AV1127,P188,2026-12,95,5,逼迫
AV1128,P188,2027-01,95,5,逼迫
AV1129,P189,2026-08,85,15,調整可
AV1130,P189,2026-09,85,15,調整可
AV1131,P189,2026-10,85,15,調整可
AV1132,P189,2026-11,85,15,調整可
AV1133,P189,2026-12,55,45,空きあり
AV1134,P189,2027-01,55,45,空きあり
AV1135,P190,2026-08,95,5,逼迫
AV1136,P190,2026-09,95,5,逼迫
AV1137,P190,2026-10,95,5,逼迫
AV1138,P190,2026-11,95,5,逼迫
AV1139,P190,2026-12,65,35,空きあり
AV1140,P190,2027-01,65,35,空きあり
AV1141,P191,2026-08,45,55,空きあり
AV1142,P191,2026-09,45,55,空きあり
AV1143,P191,2026-10,50,50,空きあり
AV1144,P191,2026-11,55,45,空きあり
AV1145,P191,2026-12,55,45,空きあり
AV1146,P191,2027-01,55,45,空きあり
AV1147,P192,2026-08,95,5,逼迫
AV1148,P192,2026-09,95,5,逼迫
AV1149,P192,2026-10,95,5,逼迫
AV1150,P192,2026-11,95,5,逼迫
AV1151,P192,2026-12,95,5,逼迫
AV1152,P192,2027-01,95,5,逼迫
AV1153,P193,2026-08,90,10,逼迫
AV1154,P193,2026-09,90,10,逼迫
AV1155,P193,2026-10,90,10,逼迫
AV1156,P193,2026-11,90,10,逼迫
AV1157,P193,2026-12,55,45,空きあり
AV1158,P193,2027-01,55,45,空きあり
AV1159,P194,2026-08,95,5,逼迫
AV1160,P194,2026-09,95,5,逼迫
AV1161,P194,2026-10,95,5,逼迫
AV1162,P194,2026-11,95,5,逼迫
AV1163,P194,2026-12,95,5,逼迫
AV1164,P194,2027-01,55,45,空きあり
AV1165,P195,2026-08,75,25,調整可
AV1166,P195,2026-09,75,25,調整可
AV1167,P195,2026-10,95,5,逼迫
AV1168,P195,2026-11,95,5,逼迫
AV1169,P195,2026-12,55,45,空きあり
AV1170,P195,2027-01,55,45,空きあり
AV1171,P196,2026-08,45,55,空きあり
AV1172,P196,2026-09,45,55,空きあり
AV1173,P196,2026-10,50,50,空きあり
AV1174,P196,2026-11,55,45,空きあり
AV1175,P196,2026-12,55,45,空きあり
AV1176,P196,2027-01,55,45,空きあり
AV1177,P197,2026-08,95,5,逼迫
AV1178,P197,2026-09,95,5,逼迫
AV1179,P197,2026-10,95,5,逼迫
AV1180,P197,2026-11,95,5,逼迫
AV1181,P197,2026-12,95,5,逼迫
AV1182,P197,2027-01,95,5,逼迫
AV1183,P198,2026-08,90,10,逼迫
AV1184,P198,2026-09,90,10,逼迫
AV1185,P198,2026-10,90,10,逼迫
AV1186,P198,2026-11,90,10,逼迫
AV1187,P198,2026-12,90,10,逼迫
AV1188,P198,2027-01,55,45,空きあり
AV1189,P199,2026-08,95,5,逼迫
AV1190,P199,2026-09,95,5,逼迫
AV1191,P199,2026-10,95,5,逼迫
AV1192,P199,2026-11,95,5,逼迫
AV1193,P199,2026-12,95,5,逼迫
AV1194,P199,2027-01,55,45,空きあり
AV1195,P200,2026-08,45,55,空きあり
AV1196,P200,2026-09,45,55,空きあり
AV1197,P200,2026-10,75,25,調整可
AV1198,P200,2026-11,80,20,調整可
AV1199,P200,2026-12,65,35,空きあり
AV1200,P200,2027-01,65,35,空きあり
