KnowledgeId,ProjectId,KnowledgeType,Title,Summary,Tags,AuthorPersonId,RegisteredDate,ReuseValue
KN0001,PJ001,BestPractice,[生成AIによる技能継承ナレッジ検索基盤構築] Fabric導入時はドメイン単位でワークスペースを分割し、容量監視を初期から組み込む,Fabric導入時はドメイン単位でワークスペースを分割し、容量監視を初期から組み込む,"Fabric,運用,容量",P124,2024-09-10,低
KN0002,PJ001,BestPractice,[生成AIによる技能継承ナレッジ検索基盤構築] 需要予測モデルは業務KPIと接続した評価指標を定義してから開発に着手する,需要予測モデルは業務KPIと接続した評価指標を定義してから開発に着手する,"機械学習,KPI,需要予測",P105,2024-09-17,中
KN0003,PJ002,BestPractice,[Microsoft Fabricによる全社データ基盤構築] モデルの評価指標は、業務KPIと結びつけた形で先に決めておく,モデルの評価指標は、業務KPIと結びつけた形で先に決めておく,"機械学習,KPI,需要予測",P192,2025-11-02,低
KN0004,PJ002,LessonsLearned,[Microsoft Fabricによる全社データ基盤構築] PoCで許容していたデータ欠損が本番では通らず、要件の再定義が発生した,PoCで許容していたデータ欠損が本番では通らず、要件の再定義が発生した,"データ品質,PoC,移行",P119,2025-10-15,高
KN0005,PJ002,Issue,[Microsoft Fabricによる全社データ基盤構築] IF仕様と実装の乖離に気づくのが遅れ、結合テストの工数が膨らんだ,IF仕様と実装の乖離に気づくのが遅れ、結合テストの工数が膨らんだ,"基幹,IF,テスト",P119,2025-12-14,高
KN0006,PJ003,Issue,[Databricksによる需要予測モデル開発] 権限まわりの設計が遅れ、検証環境をゼロから組み直す事態を招いた,権限まわりの設計が遅れ、検証環境をゼロから組み直す事態を招いた,"セキュリティ,Fabric,権限",P112,2025-09-04,低
KN0007,PJ003,BestPractice,[Databricksによる需要予測モデル開発] 出力の良し悪しを判断する基準を顧客と合意し、受入条件に落としておく,出力の良し悪しを判断する基準を顧客と合意し、受入条件に落としておく,"生成AI,受入,品質",P068,2025-07-10,高
KN0008,PJ003,Issue,[Databricksによる需要予測モデル開発] 既存基幹システムのIF仕様が最新化されておらず、結合テストで不具合が集中した,既存基幹システムのIF仕様が最新化されておらず、結合テストで不具合が集中した,"基幹,IF,テスト",P094,2025-08-21,高
KN0009,PJ003,BestPractice,[Databricksによる需要予測モデル開発] 全社共通のルールだけでは使われず、部門別の手引きを添えて定着した,全社共通のルールだけでは使われず、部門別の手引きを添えて定着した,"生成AI,展開,定着",P097,2025-07-09,高
KN0010,PJ003,LessonsLearned,[Databricksによる需要予測モデル開発] データの持ち主が部門をまたいでおり、合意を取るまでに想定外の時間がかかった,データの持ち主が部門をまたいでおり、合意を取るまでに想定外の時間がかかった,"ガバナンス,合意形成",P068,2025-09-20,中
KN0011,PJ004,LessonsLearned,[生成AI活用による問い合わせ対応自動化] 現場用語の辞書整備が後手に回り、ナレッジ検索の精度が目標に届かなかった,現場用語の辞書整備が後手に回り、ナレッジ検索の精度が目標に届かなかった,"生成AI,製造,用語",P083,2026-01-04,高
KN0012,PJ004,BestPractice,[生成AI活用による問い合わせ対応自動化] 展開フェーズでは、部門の業務に合わせたガイドを個別に用意するとよい,展開フェーズでは、部門の業務に合わせたガイドを個別に用意するとよい,"生成AI,展開,定着",P070,2025-11-22,中
KN0013,PJ004,BestPractice,[生成AI活用による問い合わせ対応自動化] ドメインごとにワークスペースを分離しておくと、容量の管理が現実的になる,ドメインごとにワークスペースを分離しておくと、容量の管理が現実的になる,"Fabric,運用,容量",P093,2026-02-06,中
KN0014,PJ004,BestPractice,[生成AI活用による問い合わせ対応自動化] 生成AI案件では出力評価の基準表を顧客と合意し、受入条件に明記する,生成AI案件では出力評価の基準表を顧客と合意し、受入条件に明記する,"生成AI,受入,品質",P082,2025-12-03,中
KN0015,PJ004,LessonsLearned,[生成AI活用による問い合わせ対応自動化] 顧客側の合意形成にかかる期間を、当初の見積りの2倍で見ておくべきだった,顧客側の合意形成にかかる期間を、当初の見積りの2倍で見ておくべきだった,"ガバナンス,合意形成",P195,2025-11-22,低
KN0016,PJ005,BestPractice,[基幹システムのクラウドリフト] 生成AI案件では出力評価の基準表を顧客と合意し、受入条件に明記する,生成AI案件では出力評価の基準表を顧客と合意し、受入条件に明記する,"生成AI,受入,品質",P070,2025-01-23,低
KN0017,PJ005,LessonsLearned,[基幹システムのクラウドリフト] 現場用語の定義が曖昧なまま開発に入り、精度改善に想定外の工数がかかった,現場用語の定義が曖昧なまま開発に入り、精度改善に想定外の工数がかかった,"生成AI,製造,用語",P053,2025-02-16,中
KN0018,PJ006,Issue,[Power BIによる経営ダッシュボード整備] 既存基幹システムのIF仕様が最新化されておらず、結合テストで不具合が集中した,既存基幹システムのIF仕様が最新化されておらず、結合テストで不具合が集中した,"基幹,IF,テスト",P073,2026-02-20,高
KN0019,PJ006,LessonsLearned,[Power BIによる経営ダッシュボード整備] データオーナーとの調整が想定以上に長引き、スケジュールを圧迫した,データオーナーとの調整が想定以上に長引き、スケジュールを圧迫した,"ガバナンス,合意形成",P191,2026-01-18,低
KN0020,PJ006,Issue,[Power BIによる経営ダッシュボード整備] 権限設計を後回しにした結果、検証環境を作り直すことになった,権限設計を後回しにした結果、検証環境を作り直すことになった,"セキュリティ,Fabric,権限",P073,2026-01-16,低
KN0021,PJ006,BestPractice,[Power BIによる経営ダッシュボード整備] Fabricの容量は後から効いてくるため、監視の仕組みを最初に用意しておく,Fabricの容量は後から効いてくるため、監視の仕組みを最初に用意しておく,"Fabric,運用,容量",P065,2025-12-26,高
KN0022,PJ007,LessonsLearned,[設備保全予知モデルのPoC] PoCから本番移行時にデータ品質要件を再定義する必要があった,PoCから本番移行時にデータ品質要件を再定義する必要があった,"データ品質,PoC,移行",P003,2025-11-11,中
KN0023,PJ007,BestPractice,[設備保全予知モデルのPoC] 出力の良し悪しを判断する基準を顧客と合意し、受入条件に落としておく,出力の良し悪しを判断する基準を顧客と合意し、受入条件に落としておく,"生成AI,受入,品質",P167,2025-12-18,高
KN0024,PJ007,LessonsLearned,[設備保全予知モデルのPoC] 略語や社内用語の揺れを吸収できず、検索が期待したとおりに当たらなかった,略語や社内用語の揺れを吸収できず、検索が期待したとおりに当たらなかった,"生成AI,製造,用語",P160,2026-02-22,高
KN0025,PJ007,LessonsLearned,[設備保全予知モデルのPoC] 顧客側データオーナーの合意形成に想定の2倍の期間を要した,顧客側データオーナーの合意形成に想定の2倍の期間を要した,"ガバナンス,合意形成",P003,2025-11-09,高
KN0026,PJ008,Issue,[SCM可視化基盤の刷新] レイクハウスの権限設計を後追いで実施し、検証環境の再構築が発生した,レイクハウスの権限設計を後追いで実施し、検証環境の再構築が発生した,"セキュリティ,Fabric,権限",P062,2023-11-24,高
KN0027,PJ008,BestPractice,[SCM可視化基盤の刷新] 利用ガイドラインを部門ごとに用意したほうが、現場での定着は早い,利用ガイドラインを部門ごとに用意したほうが、現場での定着は早い,"生成AI,展開,定着",P121,2023-10-17,高
KN0028,PJ008,LessonsLearned,[SCM可視化基盤の刷新] 現場用語の辞書整備が後手に回り、ナレッジ検索の精度が目標に届かなかった,現場用語の辞書整備が後手に回り、ナレッジ検索の精度が目標に届かなかった,"生成AI,製造,用語",P063,2023-11-25,中
KN0029,PJ009,Issue,[勘定系周辺システムのモダナイゼーション] 権限設計を後回しにした結果、検証環境を作り直すことになった,権限設計を後回しにした結果、検証環境を作り直すことになった,"セキュリティ,Fabric,権限",P082,2026-01-13,中
KN0030,PJ009,BestPractice,[勘定系周辺システムのモダナイゼーション] RAGの前処理とチャンク設計は、要件定義の段階で検証しておくと後の手戻りが少ない,RAGの前処理とチャンク設計は、要件定義の段階で検証しておくと後の手戻りが少ない,"RAG,生成AI,設計",P097,2026-03-20,中
KN0031,PJ009,LessonsLearned,[勘定系周辺システムのモダナイゼーション] PoCの段階では見えなかったデータ品質の問題が、本番移行時に噴出した,PoCの段階では見えなかったデータ品質の問題が、本番移行時に噴出した,"データ品質,PoC,移行",P174,2026-05-11,高
KN0032,PJ009,BestPractice,[勘定系周辺システムのモダナイゼーション] ワークスペースはドメイン単位で分け、容量の監視は導入初期から仕込んでおくとよい,ワークスペースはドメイン単位で分け、容量の監視は導入初期から仕込んでおくとよい,"Fabric,運用,容量",P179,2026-02-06,中
KN0033,PJ010,BestPractice,[データガバナンス整備とPurview導入] ドメインごとにワークスペースを分離しておくと、容量の管理が現実的になる,ドメインごとにワークスペースを分離しておくと、容量の管理が現実的になる,"Fabric,運用,容量",P055,2025-05-17,高
KN0034,PJ010,LessonsLearned,[データガバナンス整備とPurview導入] 顧客側の合意形成にかかる期間を、当初の見積りの2倍で見ておくべきだった,顧客側の合意形成にかかる期間を、当初の見積りの2倍で見ておくべきだった,"ガバナンス,合意形成",P080,2025-04-08,高
KN0035,PJ010,LessonsLearned,[データガバナンス整備とPurview導入] 現場用語の定義が曖昧なまま開発に入り、精度改善に想定外の工数がかかった,現場用語の定義が曖昧なまま開発に入り、精度改善に想定外の工数がかかった,"生成AI,製造,用語",P037,2025-03-22,低
KN0036,PJ010,BestPractice,[データガバナンス整備とPurview導入] RAG案件では、前処理方式の検証を設計より前に置くほうが結果的に早い,RAG案件では、前処理方式の検証を設計より前に置くほうが結果的に早い,"RAG,生成AI,設計",P005,2025-05-15,中
KN0037,PJ011,BestPractice,[生成AIによる査定業務支援システム] Fabric導入時はドメイン単位でワークスペースを分割し、容量監視を初期から組み込む,Fabric導入時はドメイン単位でワークスペースを分割し、容量監視を初期から組み込む,"Fabric,運用,容量",P053,2024-09-28,高
KN0038,PJ011,Issue,[生成AIによる査定業務支援システム] 既存基幹システムのIF仕様が最新化されておらず、結合テストで不具合が集中した,既存基幹システムのIF仕様が最新化されておらず、結合テストで不具合が集中した,"基幹,IF,テスト",P045,2024-09-27,高
KN0039,PJ012,BestPractice,[住民向けチャットボット構築] モデルの評価指標は、業務KPIと結びつけた形で先に決めておく,モデルの評価指標は、業務KPIと結びつけた形で先に決めておく,"機械学習,KPI,需要予測",P158,2025-06-09,中
KN0040,PJ012,LessonsLearned,[住民向けチャットボット構築] 現場用語の定義が曖昧なまま開発に入り、精度改善に想定外の工数がかかった,現場用語の定義が曖昧なまま開発に入り、精度改善に想定外の工数がかかった,"生成AI,製造,用語",P095,2025-03-31,高
KN0041,PJ012,LessonsLearned,[住民向けチャットボット構築] 顧客側データオーナーの合意形成に想定の2倍の期間を要した,顧客側データオーナーの合意形成に想定の2倍の期間を要した,"ガバナンス,合意形成",P158,2025-05-22,中
KN0042,PJ013,BestPractice,[配車計画最適化ソリューション導入] RAGの前処理とチャンク設計は、要件定義の段階で検証しておくと後の手戻りが少ない,RAGの前処理とチャンク設計は、要件定義の段階で検証しておくと後の手戻りが少ない,"RAG,生成AI,設計",P003,2025-02-13,高
KN0043,PJ013,BestPractice,[配車計画最適化ソリューション導入] 展開フェーズでは、部門の業務に合わせたガイドを個別に用意するとよい,展開フェーズでは、部門の業務に合わせたガイドを個別に用意するとよい,"生成AI,展開,定着",P113,2024-12-03,高
KN0044,PJ013,LessonsLearned,[配車計画最適化ソリューション導入] 本番移行にあたり、データ品質の要件を定義し直すことになった,本番移行にあたり、データ品質の要件を定義し直すことになった,"データ品質,PoC,移行",P144,2025-03-01,低
KN0045,PJ013,BestPractice,[配車計画最適化ソリューション導入] モデルの評価指標は、業務KPIと結びつけた形で先に決めておく,モデルの評価指標は、業務KPIと結びつけた形で先に決めておく,"機械学習,KPI,需要予測",P063,2024-12-13,中
KN0046,PJ014,BestPractice,[研究データ統合分析基盤の構築] 需要予測では、何をもって成功とするかを業務側の指標で先に合意しておく,需要予測では、何をもって成功とするかを業務側の指標で先に合意しておく,"機械学習,KPI,需要予測",P006,2024-02-29,高
KN0047,PJ014,Issue,[研究データ統合分析基盤の構築] 既存システムの連携仕様が更新されておらず、テスト工程で手戻りが集中した,既存システムの連携仕様が更新されておらず、テスト工程で手戻りが集中した,"基幹,IF,テスト",P115,2024-05-07,中
KN0048,PJ015,LessonsLearned,[店舗オペレーション標準化支援] PoCから本番移行時にデータ品質要件を再定義する必要があった,PoCから本番移行時にデータ品質要件を再定義する必要があった,"データ品質,PoC,移行",P145,2025-12-06,高
KN0049,PJ015,BestPractice,[店舗オペレーション標準化支援] 生成AIの品質は主観に流れやすいため、評価基準を文書で握っておく,生成AIの品質は主観に流れやすいため、評価基準を文書で握っておく,"生成AI,受入,品質",P185,2025-10-13,中
KN0050,PJ015,BestPractice,[店舗オペレーション標準化支援] ドメインごとにワークスペースを分離しておくと、容量の管理が現実的になる,ドメインごとにワークスペースを分離しておくと、容量の管理が現実的になる,"Fabric,運用,容量",P145,2025-11-08,高
KN0051,PJ015,BestPractice,[店舗オペレーション標準化支援] 需要予測では、何をもって成功とするかを業務側の指標で先に合意しておく,需要予測では、何をもって成功とするかを業務側の指標で先に合意しておく,"機械学習,KPI,需要予測",P145,2025-10-04,高
KN0052,PJ016,LessonsLearned,[品質データ分析基盤のPoC] 顧客側の合意形成にかかる期間を、当初の見積りの2倍で見ておくべきだった,顧客側の合意形成にかかる期間を、当初の見積りの2倍で見ておくべきだった,"ガバナンス,合意形成",P102,2025-11-12,中
KN0053,PJ016,LessonsLearned,[品質データ分析基盤のPoC] 用語辞書の整備を軽く見積もったため、検証フェーズで精度が伸び悩んだ,用語辞書の整備を軽く見積もったため、検証フェーズで精度が伸び悩んだ,"生成AI,製造,用語",P122,2025-12-02,中
KN0054,PJ016,BestPractice,[品質データ分析基盤のPoC] Fabricの容量は後から効いてくるため、監視の仕組みを最初に用意しておく,Fabricの容量は後から効いてくるため、監視の仕組みを最初に用意しておく,"Fabric,運用,容量",P102,2025-10-02,低
KN0055,PJ017,BestPractice,[エネルギー設備投資シミュレーション基盤] ワークスペースはドメイン単位で分け、容量の監視は導入初期から仕込んでおくとよい,ワークスペースはドメイン単位で分け、容量の監視は導入初期から仕込んでおくとよい,"Fabric,運用,容量",P020,2025-02-08,高
KN0056,PJ017,Issue,[エネルギー設備投資シミュレーション基盤] 権限まわりの設計が遅れ、検証環境をゼロから組み直す事態を招いた,権限まわりの設計が遅れ、検証環境をゼロから組み直す事態を招いた,"セキュリティ,Fabric,権限",P103,2024-11-23,低
KN0057,PJ018,Issue,[生産管理システム再構築] 既存基幹システムのIF仕様が最新化されておらず、結合テストで不具合が集中した,既存基幹システムのIF仕様が最新化されておらず、結合テストで不具合が集中した,"基幹,IF,テスト",P195,2024-08-02,中
KN0058,PJ018,BestPractice,[生産管理システム再構築] 需要予測モデルは業務KPIと接続した評価指標を定義してから開発に着手する,需要予測モデルは業務KPIと接続した評価指標を定義してから開発に着手する,"機械学習,KPI,需要予測",P115,2024-06-23,中
KN0059,PJ018,LessonsLearned,[生産管理システム再構築] 略語や社内用語の揺れを吸収できず、検索が期待したとおりに当たらなかった,略語や社内用語の揺れを吸収できず、検索が期待したとおりに当たらなかった,"生成AI,製造,用語",P050,2024-08-05,中
KN0060,PJ018,BestPractice,[生産管理システム再構築] 全社共通のルールだけでは使われず、部門別の手引きを添えて定着した,全社共通のルールだけでは使われず、部門別の手引きを添えて定着した,"生成AI,展開,定着",P055,2024-07-04,高
KN0061,PJ018,Issue,[生産管理システム再構築] レイクハウスの権限設計を後追いで実施し、検証環境の再構築が発生した,レイクハウスの権限設計を後追いで実施し、検証環境の再構築が発生した,"セキュリティ,Fabric,権限",P055,2024-07-08,低
KN0062,PJ019,LessonsLearned,[Copilot活用による営業提案高度化] 現場用語の辞書整備が後手に回り、ナレッジ検索の精度が目標に届かなかった,現場用語の辞書整備が後手に回り、ナレッジ検索の精度が目標に届かなかった,"生成AI,製造,用語",P092,2025-10-23,高
KN0063,PJ019,BestPractice,[Copilot活用による営業提案高度化] 需要予測モデルは業務KPIと接続した評価指標を定義してから開発に着手する,需要予測モデルは業務KPIと接続した評価指標を定義してから開発に着手する,"機械学習,KPI,需要予測",P122,2025-10-07,高
KN0064,PJ020,LessonsLearned,[サプライチェーンリスク分析基盤] PoCから本番移行時にデータ品質要件を再定義する必要があった,PoCから本番移行時にデータ品質要件を再定義する必要があった,"データ品質,PoC,移行",P051,2025-07-22,中
KN0065,PJ020,Issue,[サプライチェーンリスク分析基盤] レイクハウスのアクセス制御を後から設計したため、環境の再構築が必要になった,レイクハウスのアクセス制御を後から設計したため、環境の再構築が必要になった,"セキュリティ,Fabric,権限",P086,2025-07-17,中
KN0066,PJ020,BestPractice,[サプライチェーンリスク分析基盤] モデルの評価指標は、業務KPIと結びつけた形で先に決めておく,モデルの評価指標は、業務KPIと結びつけた形で先に決めておく,"機械学習,KPI,需要予測",P148,2025-08-24,中
KN0067,PJ020,BestPractice,[サプライチェーンリスク分析基盤] RAG構成では前処理とチャンク設計の検証を要件定義段階で実施すると手戻りが減る,RAG構成では前処理とチャンク設計の検証を要件定義段階で実施すると手戻りが減る,"RAG,生成AI,設計",P196,2025-08-17,低
KN0068,PJ021,BestPractice,[生成AIプラットフォーム全社展開支援] 全社展開フェーズでは部門ごとに利用ガイドラインを分けると定着が早い,全社展開フェーズでは部門ごとに利用ガイドラインを分けると定着が早い,"生成AI,展開,定着",P137,2025-06-08,高
KN0069,PJ021,LessonsLearned,[生成AIプラットフォーム全社展開支援] データオーナーとの調整が想定以上に長引き、スケジュールを圧迫した,データオーナーとの調整が想定以上に長引き、スケジュールを圧迫した,"ガバナンス,合意形成",P081,2025-05-31,高
KN0070,PJ022,BestPractice,[販売分析データマート再構築] 全社共通のルールだけでは使われず、部門別の手引きを添えて定着した,全社共通のルールだけでは使われず、部門別の手引きを添えて定着した,"生成AI,展開,定着",P124,2024-10-25,低
KN0071,PJ022,LessonsLearned,[販売分析データマート再構築] 現場用語の辞書整備が後手に回り、ナレッジ検索の精度が目標に届かなかった,現場用語の辞書整備が後手に回り、ナレッジ検索の精度が目標に届かなかった,"生成AI,製造,用語",P154,2024-11-19,中
KN0072,PJ022,BestPractice,[販売分析データマート再構築] 生成AI案件では出力評価の基準表を顧客と合意し、受入条件に明記する,生成AI案件では出力評価の基準表を顧客と合意し、受入条件に明記する,"生成AI,受入,品質",P046,2024-11-07,低
KN0073,PJ022,Issue,[販売分析データマート再構築] レイクハウスのアクセス制御を後から設計したため、環境の再構築が必要になった,レイクハウスのアクセス制御を後から設計したため、環境の再構築が必要になった,"セキュリティ,Fabric,権限",P128,2024-12-15,中
KN0074,PJ023,Issue,[生成AIによる設計レビュー支援] レイクハウスの権限設計を後追いで実施し、検証環境の再構築が発生した,レイクハウスの権限設計を後追いで実施し、検証環境の再構築が発生した,"セキュリティ,Fabric,権限",P183,2025-04-25,高
KN0075,PJ023,Issue,[生成AIによる設計レビュー支援] 基幹側のインターフェース仕様書が古いままで、結合テストで問題が続出した,基幹側のインターフェース仕様書が古いままで、結合テストで問題が続出した,"基幹,IF,テスト",P020,2025-05-15,高
KN0076,PJ023,BestPractice,[生成AIによる設計レビュー支援] Fabric導入時はドメイン単位でワークスペースを分割し、容量監視を初期から組み込む,Fabric導入時はドメイン単位でワークスペースを分割し、容量監視を初期から組み込む,"Fabric,運用,容量",P073,2025-05-17,中
KN0077,PJ023,LessonsLearned,[生成AIによる設計レビュー支援] PoCから本番移行時にデータ品質要件を再定義する必要があった,PoCから本番移行時にデータ品質要件を再定義する必要があった,"データ品質,PoC,移行",P020,2025-05-25,高
KN0078,PJ024,BestPractice,[Fabricレイクハウス移行支援] RAGの前処理とチャンク設計は、要件定義の段階で検証しておくと後の手戻りが少ない,RAGの前処理とチャンク設計は、要件定義の段階で検証しておくと後の手戻りが少ない,"RAG,生成AI,設計",P167,2024-08-08,高
KN0079,PJ024,BestPractice,[Fabricレイクハウス移行支援] Fabric導入時はドメイン単位でワークスペースを分割し、容量監視を初期から組み込む,Fabric導入時はドメイン単位でワークスペースを分割し、容量監視を初期から組み込む,"Fabric,運用,容量",P001,2024-07-29,高
KN0080,PJ024,LessonsLearned,[Fabricレイクハウス移行支援] 現場用語の辞書整備が後手に回り、ナレッジ検索の精度が目標に届かなかった,現場用語の辞書整備が後手に回り、ナレッジ検索の精度が目標に届かなかった,"生成AI,製造,用語",P001,2024-05-14,低
KN0081,PJ024,BestPractice,[Fabricレイクハウス移行支援] 精度だけを追うのではなく、業務KPIに接続した指標を定義してから開発に入る,精度だけを追うのではなく、業務KPIに接続した指標を定義してから開発に入る,"機械学習,KPI,需要予測",P020,2024-05-02,低
KN0082,PJ025,BestPractice,[需要予測基盤の本番展開] 利用ガイドラインを部門ごとに用意したほうが、現場での定着は早い,利用ガイドラインを部門ごとに用意したほうが、現場での定着は早い,"生成AI,展開,定着",P144,2025-04-04,高
KN0083,PJ025,BestPractice,[需要予測基盤の本番展開] ワークスペースはドメイン単位で分け、容量の監視は導入初期から仕込んでおくとよい,ワークスペースはドメイン単位で分け、容量の監視は導入初期から仕込んでおくとよい,"Fabric,運用,容量",P144,2025-02-03,中
KN0084,PJ025,Issue,[需要予測基盤の本番展開] 既存基幹システムのIF仕様が最新化されておらず、結合テストで不具合が集中した,既存基幹システムのIF仕様が最新化されておらず、結合テストで不具合が集中した,"基幹,IF,テスト",P093,2024-12-09,高
KN0085,PJ026,BestPractice,[生成AIによる保全ナレッジ検索] 精度だけを追うのではなく、業務KPIに接続した指標を定義してから開発に入る,精度だけを追うのではなく、業務KPIに接続した指標を定義してから開発に入る,"機械学習,KPI,需要予測",P183,2024-03-16,高
KN0086,PJ026,LessonsLearned,[生成AIによる保全ナレッジ検索] 顧客側データオーナーの合意形成に想定の2倍の期間を要した,顧客側データオーナーの合意形成に想定の2倍の期間を要した,"ガバナンス,合意形成",P195,2024-05-14,中
KN0087,PJ026,BestPractice,[生成AIによる保全ナレッジ検索] RAG案件では、前処理方式の検証を設計より前に置くほうが結果的に早い,RAG案件では、前処理方式の検証を設計より前に置くほうが結果的に早い,"RAG,生成AI,設計",P195,2024-03-03,中
KN0088,PJ027,Issue,[顧客データ統合基盤の構築] レイクハウスの権限設計を後追いで実施し、検証環境の再構築が発生した,レイクハウスの権限設計を後追いで実施し、検証環境の再構築が発生した,"セキュリティ,Fabric,権限",P103,2024-11-01,中
KN0089,PJ027,BestPractice,[顧客データ統合基盤の構築] ドメインごとにワークスペースを分離しておくと、容量の管理が現実的になる,ドメインごとにワークスペースを分離しておくと、容量の管理が現実的になる,"Fabric,運用,容量",P103,2024-09-30,低
KN0090,PJ028,BestPractice,[AIOps導入による運用高度化] チャンク設計の妥当性を早期に検証することが、RAG案件の手戻り防止につながる,チャンク設計の妥当性を早期に検証することが、RAG案件の手戻り防止につながる,"RAG,生成AI,設計",P097,2025-02-26,高
KN0091,PJ028,LessonsLearned,[AIOps導入による運用高度化] 顧客側データオーナーの合意形成に想定の2倍の期間を要した,顧客側データオーナーの合意形成に想定の2倍の期間を要した,"ガバナンス,合意形成",P112,2025-01-25,中
KN0092,PJ028,BestPractice,[AIOps導入による運用高度化] ドメインごとにワークスペースを分離しておくと、容量の管理が現実的になる,ドメインごとにワークスペースを分離しておくと、容量の管理が現実的になる,"Fabric,運用,容量",P190,2025-02-04,高
KN0093,PJ029,Issue,[生成AIによる文書点検自動化] レイクハウスのアクセス制御を後から設計したため、環境の再構築が必要になった,レイクハウスのアクセス制御を後から設計したため、環境の再構築が必要になった,"セキュリティ,Fabric,権限",P009,2024-02-08,高
KN0094,PJ029,Issue,[生成AIによる文書点検自動化] 既存システムの連携仕様が更新されておらず、テスト工程で手戻りが集中した,既存システムの連携仕様が更新されておらず、テスト工程で手戻りが集中した,"基幹,IF,テスト",P009,2024-03-05,高
KN0095,PJ029,BestPractice,[生成AIによる文書点検自動化] 利用ガイドラインを部門ごとに用意したほうが、現場での定着は早い,利用ガイドラインを部門ごとに用意したほうが、現場での定着は早い,"生成AI,展開,定着",P009,2024-02-23,中
KN0096,PJ029,BestPractice,[生成AIによる文書点検自動化] Fabricの容量は後から効いてくるため、監視の仕組みを最初に用意しておく,Fabricの容量は後から効いてくるため、監視の仕組みを最初に用意しておく,"Fabric,運用,容量",P009,2024-03-31,高
KN0097,PJ030,BestPractice,[経営管理データ基盤の刷新] 生成AI案件では出力評価の基準表を顧客と合意し、受入条件に明記する,生成AI案件では出力評価の基準表を顧客と合意し、受入条件に明記する,"生成AI,受入,品質",P155,2024-05-22,中
KN0098,PJ030,Issue,[経営管理データ基盤の刷新] 権限設計を後回しにした結果、検証環境を作り直すことになった,権限設計を後回しにした結果、検証環境を作り直すことになった,"セキュリティ,Fabric,権限",P187,2024-05-04,中
KN0099,PJ030,LessonsLearned,[経営管理データ基盤の刷新] PoCから本番移行時にデータ品質要件を再定義する必要があった,PoCから本番移行時にデータ品質要件を再定義する必要があった,"データ品質,PoC,移行",P155,2024-03-08,高
KN0100,PJ030,LessonsLearned,[経営管理データ基盤の刷新] データオーナーとの調整が想定以上に長引き、スケジュールを圧迫した,データオーナーとの調整が想定以上に長引き、スケジュールを圧迫した,"ガバナンス,合意形成",P086,2024-03-24,高
KN0101,PJ031,BestPractice,[販売実績ダッシュボードの統合] 生成AI案件では出力評価の基準表を顧客と合意し、受入条件に明記する,生成AI案件では出力評価の基準表を顧客と合意し、受入条件に明記する,"生成AI,受入,品質",P198,2025-08-31,高
KN0102,PJ031,LessonsLearned,[販売実績ダッシュボードの統合] 顧客側の合意形成にかかる期間を、当初の見積りの2倍で見ておくべきだった,顧客側の合意形成にかかる期間を、当初の見積りの2倍で見ておくべきだった,"ガバナンス,合意形成",P127,2025-09-13,低
KN0103,PJ031,LessonsLearned,[販売実績ダッシュボードの統合] 用語辞書の整備を軽く見積もったため、検証フェーズで精度が伸び悩んだ,用語辞書の整備を軽く見積もったため、検証フェーズで精度が伸び悩んだ,"生成AI,製造,用語",P198,2025-10-24,高
KN0104,PJ032,BestPractice,[原価管理レポートの標準化] チャンク設計の妥当性を早期に検証することが、RAG案件の手戻り防止につながる,チャンク設計の妥当性を早期に検証することが、RAG案件の手戻り防止につながる,"RAG,生成AI,設計",P152,2025-07-24,低
KN0105,PJ032,LessonsLearned,[原価管理レポートの標準化] PoCから本番移行時にデータ品質要件を再定義する必要があった,PoCから本番移行時にデータ品質要件を再定義する必要があった,"データ品質,PoC,移行",P080,2025-08-09,高
KN0106,PJ032,Issue,[原価管理レポートの標準化] 権限まわりの設計が遅れ、検証環境をゼロから組み直す事態を招いた,権限まわりの設計が遅れ、検証環境をゼロから組み直す事態を招いた,"セキュリティ,Fabric,権限",P101,2025-06-28,中
KN0107,PJ032,BestPractice,[原価管理レポートの標準化] 展開フェーズでは、部門の業務に合わせたガイドを個別に用意するとよい,展開フェーズでは、部門の業務に合わせたガイドを個別に用意するとよい,"生成AI,展開,定着",P113,2025-06-27,低
KN0108,PJ032,Issue,[原価管理レポートの標準化] 既存基幹システムのIF仕様が最新化されておらず、結合テストで不具合が集中した,既存基幹システムのIF仕様が最新化されておらず、結合テストで不具合が集中した,"基幹,IF,テスト",P113,2025-08-15,高
KN0109,PJ033,BestPractice,[経営KPIの可視化基盤構築] 需要予測モデルは業務KPIと接続した評価指標を定義してから開発に着手する,需要予測モデルは業務KPIと接続した評価指標を定義してから開発に着手する,"機械学習,KPI,需要予測",P078,2025-04-29,低
KN0110,PJ033,Issue,[経営KPIの可視化基盤構築] レイクハウスのアクセス制御を後から設計したため、環境の再構築が必要になった,レイクハウスのアクセス制御を後から設計したため、環境の再構築が必要になった,"セキュリティ,Fabric,権限",P078,2025-03-05,低
KN0111,PJ033,LessonsLearned,[経営KPIの可視化基盤構築] 顧客側データオーナーの合意形成に想定の2倍の期間を要した,顧客側データオーナーの合意形成に想定の2倍の期間を要した,"ガバナンス,合意形成",P170,2025-04-27,中
KN0112,PJ033,BestPractice,[経営KPIの可視化基盤構築] 展開フェーズでは、部門の業務に合わせたガイドを個別に用意するとよい,展開フェーズでは、部門の業務に合わせたガイドを個別に用意するとよい,"生成AI,展開,定着",P173,2025-05-06,中
KN0113,PJ034,BestPractice,[データ利活用ポリシーの策定支援] 生成AIの品質は主観に流れやすいため、評価基準を文書で握っておく,生成AIの品質は主観に流れやすいため、評価基準を文書で握っておく,"生成AI,受入,品質",P147,2024-10-04,高
KN0114,PJ034,Issue,[データ利活用ポリシーの策定支援] レイクハウスのアクセス制御を後から設計したため、環境の再構築が必要になった,レイクハウスのアクセス制御を後から設計したため、環境の再構築が必要になった,"セキュリティ,Fabric,権限",P124,2024-08-19,中
KN0115,PJ034,LessonsLearned,[データ利活用ポリシーの策定支援] データの持ち主が部門をまたいでおり、合意を取るまでに想定外の時間がかかった,データの持ち主が部門をまたいでおり、合意を取るまでに想定外の時間がかかった,"ガバナンス,合意形成",P156,2024-09-16,高
KN0116,PJ034,LessonsLearned,[データ利活用ポリシーの策定支援] 現場用語の辞書整備が後手に回り、ナレッジ検索の精度が目標に届かなかった,現場用語の辞書整備が後手に回り、ナレッジ検索の精度が目標に届かなかった,"生成AI,製造,用語",P125,2024-10-03,高
KN0117,PJ035,LessonsLearned,[個人情報の取り扱い基準整備] PoCで許容していたデータ欠損が本番では通らず、要件の再定義が発生した,PoCで許容していたデータ欠損が本番では通らず、要件の再定義が発生した,"データ品質,PoC,移行",P065,2025-05-08,高
KN0118,PJ035,BestPractice,[個人情報の取り扱い基準整備] 受入条件に出力評価の基準を明記しておくと、検収時の議論が短くなる,受入条件に出力評価の基準を明記しておくと、検収時の議論が短くなる,"生成AI,受入,品質",P169,2025-06-27,高
KN0119,PJ035,LessonsLearned,[個人情報の取り扱い基準整備] 略語や社内用語の揺れを吸収できず、検索が期待したとおりに当たらなかった,略語や社内用語の揺れを吸収できず、検索が期待したとおりに当たらなかった,"生成AI,製造,用語",P169,2025-05-20,低
KN0120,PJ035,LessonsLearned,[個人情報の取り扱い基準整備] データオーナーとの調整が想定以上に長引き、スケジュールを圧迫した,データオーナーとの調整が想定以上に長引き、スケジュールを圧迫した,"ガバナンス,合意形成",P051,2025-05-27,高
KN0121,PJ035,BestPractice,[個人情報の取り扱い基準整備] ワークスペースはドメイン単位で分け、容量の監視は導入初期から仕込んでおくとよい,ワークスペースはドメイン単位で分け、容量の監視は導入初期から仕込んでおくとよい,"Fabric,運用,容量",P113,2025-05-16,低
KN0122,PJ036,LessonsLearned,[DX推進ロードマップの策定] 現場用語の定義が曖昧なまま開発に入り、精度改善に想定外の工数がかかった,現場用語の定義が曖昧なまま開発に入り、精度改善に想定外の工数がかかった,"生成AI,製造,用語",P152,2024-06-14,中
KN0123,PJ036,LessonsLearned,[DX推進ロードマップの策定] PoCから本番移行時にデータ品質要件を再定義する必要があった,PoCから本番移行時にデータ品質要件を再定義する必要があった,"データ品質,PoC,移行",P173,2024-06-19,低
KN0124,PJ036,BestPractice,[DX推進ロードマップの策定] 全社共通のルールだけでは使われず、部門別の手引きを添えて定着した,全社共通のルールだけでは使われず、部門別の手引きを添えて定着した,"生成AI,展開,定着",P136,2024-06-27,高
KN0125,PJ036,BestPractice,[DX推進ロードマップの策定] 受入条件に出力評価の基準を明記しておくと、検収時の議論が短くなる,受入条件に出力評価の基準を明記しておくと、検収時の議論が短くなる,"生成AI,受入,品質",P136,2024-08-02,中
KN0126,PJ036,BestPractice,[DX推進ロードマップの策定] RAG構成では前処理とチャンク設計の検証を要件定義段階で実施すると手戻りが減る,RAG構成では前処理とチャンク設計の検証を要件定義段階で実施すると手戻りが減る,"RAG,生成AI,設計",P173,2024-06-29,中
KN0127,PJ037,Issue,[業務プロセス再設計の支援] レイクハウスの権限設計を後追いで実施し、検証環境の再構築が発生した,レイクハウスの権限設計を後追いで実施し、検証環境の再構築が発生した,"セキュリティ,Fabric,権限",P188,2024-11-02,高
KN0128,PJ037,BestPractice,[業務プロセス再設計の支援] 利用ガイドラインを部門ごとに用意したほうが、現場での定着は早い,利用ガイドラインを部門ごとに用意したほうが、現場での定着は早い,"生成AI,展開,定着",P145,2024-11-18,高
KN0129,PJ037,BestPractice,[業務プロセス再設計の支援] ワークスペースはドメイン単位で分け、容量の監視は導入初期から仕込んでおくとよい,ワークスペースはドメイン単位で分け、容量の監視は導入初期から仕込んでおくとよい,"Fabric,運用,容量",P127,2024-11-03,中
KN0130,PJ037,BestPractice,[業務プロセス再設計の支援] 需要予測モデルは業務KPIと接続した評価指標を定義してから開発に着手する,需要予測モデルは業務KPIと接続した評価指標を定義してから開発に着手する,"機械学習,KPI,需要予測",P188,2024-12-07,高
KN0131,PJ038,BestPractice,[生産管理システムの刷新構想策定] 生成AIの品質は主観に流れやすいため、評価基準を文書で握っておく,生成AIの品質は主観に流れやすいため、評価基準を文書で握っておく,"生成AI,受入,品質",P017,2024-09-30,高
KN0132,PJ038,BestPractice,[生産管理システムの刷新構想策定] 利用ガイドラインを部門ごとに用意したほうが、現場での定着は早い,利用ガイドラインを部門ごとに用意したほうが、現場での定着は早い,"生成AI,展開,定着",P190,2024-08-29,中
KN0133,PJ038,Issue,[生産管理システムの刷新構想策定] 既存基幹システムのIF仕様が最新化されておらず、結合テストで不具合が集中した,既存基幹システムのIF仕様が最新化されておらず、結合テストで不具合が集中した,"基幹,IF,テスト",P060,2024-12-11,中
KN0134,PJ038,Issue,[生産管理システムの刷新構想策定] 権限まわりの設計が遅れ、検証環境をゼロから組み直す事態を招いた,権限まわりの設計が遅れ、検証環境をゼロから組み直す事態を招いた,"セキュリティ,Fabric,権限",P060,2024-10-28,低
KN0135,PJ039,LessonsLearned,[販売管理システムのリプレース] PoCから本番移行時にデータ品質要件を再定義する必要があった,PoCから本番移行時にデータ品質要件を再定義する必要があった,"データ品質,PoC,移行",P167,2025-08-04,中
KN0136,PJ039,Issue,[販売管理システムのリプレース] 既存基幹システムのIF仕様が最新化されておらず、結合テストで不具合が集中した,既存基幹システムのIF仕様が最新化されておらず、結合テストで不具合が集中した,"基幹,IF,テスト",P035,2025-06-16,高
KN0137,PJ040,BestPractice,[生成AIによる技能継承ナレッジ検索基盤構築] 利用ガイドラインを部門ごとに用意したほうが、現場での定着は早い,利用ガイドラインを部門ごとに用意したほうが、現場での定着は早い,"生成AI,展開,定着",P090,2026-05-25,低
KN0138,PJ040,BestPractice,[生成AIによる技能継承ナレッジ検索基盤構築] 出力の良し悪しを判断する基準を顧客と合意し、受入条件に落としておく,出力の良し悪しを判断する基準を顧客と合意し、受入条件に落としておく,"生成AI,受入,品質",P006,2026-06-20,高
KN0139,PJ040,LessonsLearned,[生成AIによる技能継承ナレッジ検索基盤構築] データオーナーとの調整が想定以上に長引き、スケジュールを圧迫した,データオーナーとの調整が想定以上に長引き、スケジュールを圧迫した,"ガバナンス,合意形成",P090,2026-07-04,中
KN0140,PJ041,BestPractice,[Microsoft Fabricによる全社データ基盤構築] 全社共通のルールだけでは使われず、部門別の手引きを添えて定着した,全社共通のルールだけでは使われず、部門別の手引きを添えて定着した,"生成AI,展開,定着",P007,2026-07-20,高
KN0141,PJ041,BestPractice,[Microsoft Fabricによる全社データ基盤構築] RAGの前処理とチャンク設計は、要件定義の段階で検証しておくと後の手戻りが少ない,RAGの前処理とチャンク設計は、要件定義の段階で検証しておくと後の手戻りが少ない,"RAG,生成AI,設計",P175,2026-08-02,高
KN0142,PJ041,LessonsLearned,[Microsoft Fabricによる全社データ基盤構築] 顧客側の合意形成にかかる期間を、当初の見積りの2倍で見ておくべきだった,顧客側の合意形成にかかる期間を、当初の見積りの2倍で見ておくべきだった,"ガバナンス,合意形成",P029,2026-06-29,高
KN0143,PJ042,LessonsLearned,[Databricksによる需要予測モデル開発] PoCから本番移行時にデータ品質要件を再定義する必要があった,PoCから本番移行時にデータ品質要件を再定義する必要があった,"データ品質,PoC,移行",P174,2026-05-20,中
KN0144,PJ042,Issue,[Databricksによる需要予測モデル開発] 基幹側のインターフェース仕様書が古いままで、結合テストで問題が続出した,基幹側のインターフェース仕様書が古いままで、結合テストで問題が続出した,"基幹,IF,テスト",P051,2026-05-24,高
KN0145,PJ042,BestPractice,[Databricksによる需要予測モデル開発] 全社共通のルールだけでは使われず、部門別の手引きを添えて定着した,全社共通のルールだけでは使われず、部門別の手引きを添えて定着した,"生成AI,展開,定着",P051,2026-07-14,高
KN0146,PJ042,Issue,[Databricksによる需要予測モデル開発] レイクハウスのアクセス制御を後から設計したため、環境の再構築が必要になった,レイクハウスのアクセス制御を後から設計したため、環境の再構築が必要になった,"セキュリティ,Fabric,権限",P050,2026-06-24,高
KN0147,PJ043,BestPractice,[生成AI活用による問い合わせ対応自動化] RAGの前処理とチャンク設計は、要件定義の段階で検証しておくと後の手戻りが少ない,RAGの前処理とチャンク設計は、要件定義の段階で検証しておくと後の手戻りが少ない,"RAG,生成AI,設計",P057,2026-07-01,中
KN0148,PJ043,LessonsLearned,[生成AI活用による問い合わせ対応自動化] PoCで許容していたデータ欠損が本番では通らず、要件の再定義が発生した,PoCで許容していたデータ欠損が本番では通らず、要件の再定義が発生した,"データ品質,PoC,移行",P060,2026-06-30,高
KN0149,PJ043,Issue,[生成AI活用による問い合わせ対応自動化] レイクハウスの権限設計を後追いで実施し、検証環境の再構築が発生した,レイクハウスの権限設計を後追いで実施し、検証環境の再構築が発生した,"セキュリティ,Fabric,権限",P197,2026-06-09,低
KN0150,PJ043,LessonsLearned,[生成AI活用による問い合わせ対応自動化] 略語や社内用語の揺れを吸収できず、検索が期待したとおりに当たらなかった,略語や社内用語の揺れを吸収できず、検索が期待したとおりに当たらなかった,"生成AI,製造,用語",P197,2026-04-25,低
KN0151,PJ043,LessonsLearned,[生成AI活用による問い合わせ対応自動化] データの持ち主が部門をまたいでおり、合意を取るまでに想定外の時間がかかった,データの持ち主が部門をまたいでおり、合意を取るまでに想定外の時間がかかった,"ガバナンス,合意形成",P057,2026-06-05,中
KN0152,PJ044,BestPractice,[基幹システムのクラウドリフト] 生成AIの品質は主観に流れやすいため、評価基準を文書で握っておく,生成AIの品質は主観に流れやすいため、評価基準を文書で握っておく,"生成AI,受入,品質",P128,2026-07-19,高
KN0153,PJ044,LessonsLearned,[基幹システムのクラウドリフト] データの持ち主が部門をまたいでおり、合意を取るまでに想定外の時間がかかった,データの持ち主が部門をまたいでおり、合意を取るまでに想定外の時間がかかった,"ガバナンス,合意形成",P043,2026-06-20,低
KN0154,PJ044,BestPractice,[基幹システムのクラウドリフト] 利用ガイドラインを部門ごとに用意したほうが、現場での定着は早い,利用ガイドラインを部門ごとに用意したほうが、現場での定着は早い,"生成AI,展開,定着",P115,2026-07-10,低
KN0155,PJ044,LessonsLearned,[基幹システムのクラウドリフト] PoCの段階では見えなかったデータ品質の問題が、本番移行時に噴出した,PoCの段階では見えなかったデータ品質の問題が、本番移行時に噴出した,"データ品質,PoC,移行",P009,2026-02-10,高
KN0156,PJ044,BestPractice,[基幹システムのクラウドリフト] 需要予測では、何をもって成功とするかを業務側の指標で先に合意しておく,需要予測では、何をもって成功とするかを業務側の指標で先に合意しておく,"機械学習,KPI,需要予測",P115,2026-05-13,高
KN0157,PJ045,LessonsLearned,[Power BIによる経営ダッシュボード整備] PoCの段階では見えなかったデータ品質の問題が、本番移行時に噴出した,PoCの段階では見えなかったデータ品質の問題が、本番移行時に噴出した,"データ品質,PoC,移行",P198,2026-06-29,高
KN0158,PJ045,LessonsLearned,[Power BIによる経営ダッシュボード整備] 顧客側データオーナーの合意形成に想定の2倍の期間を要した,顧客側データオーナーの合意形成に想定の2倍の期間を要した,"ガバナンス,合意形成",P173,2026-05-08,低
KN0159,PJ045,BestPractice,[Power BIによる経営ダッシュボード整備] 生成AIの品質は主観に流れやすいため、評価基準を文書で握っておく,生成AIの品質は主観に流れやすいため、評価基準を文書で握っておく,"生成AI,受入,品質",P173,2026-05-30,低
KN0160,PJ045,BestPractice,[Power BIによる経営ダッシュボード整備] 需要予測では、何をもって成功とするかを業務側の指標で先に合意しておく,需要予測では、何をもって成功とするかを業務側の指標で先に合意しておく,"機械学習,KPI,需要予測",P173,2026-06-06,高
KN0161,PJ046,BestPractice,[設備保全予知モデルのPoC] 受入条件に出力評価の基準を明記しておくと、検収時の議論が短くなる,受入条件に出力評価の基準を明記しておくと、検収時の議論が短くなる,"生成AI,受入,品質",P180,2026-07-31,高
KN0162,PJ046,BestPractice,[設備保全予知モデルのPoC] RAGの前処理とチャンク設計は、要件定義の段階で検証しておくと後の手戻りが少ない,RAGの前処理とチャンク設計は、要件定義の段階で検証しておくと後の手戻りが少ない,"RAG,生成AI,設計",P175,2026-05-06,中
KN0163,PJ046,LessonsLearned,[設備保全予知モデルのPoC] データオーナーとの調整が想定以上に長引き、スケジュールを圧迫した,データオーナーとの調整が想定以上に長引き、スケジュールを圧迫した,"ガバナンス,合意形成",P180,2026-06-05,高
KN0164,PJ046,Issue,[設備保全予知モデルのPoC] 権限設計を後回しにした結果、検証環境を作り直すことになった,権限設計を後回しにした結果、検証環境を作り直すことになった,"セキュリティ,Fabric,権限",P180,2026-07-18,低
KN0165,PJ047,BestPractice,[SCM可視化基盤の刷新] 受入条件に出力評価の基準を明記しておくと、検収時の議論が短くなる,受入条件に出力評価の基準を明記しておくと、検収時の議論が短くなる,"生成AI,受入,品質",P070,2026-06-06,高
KN0166,PJ047,Issue,[SCM可視化基盤の刷新] 基幹側のインターフェース仕様書が古いままで、結合テストで問題が続出した,基幹側のインターフェース仕様書が古いままで、結合テストで問題が続出した,"基幹,IF,テスト",P070,2026-06-08,中
KN0167,PJ047,LessonsLearned,[SCM可視化基盤の刷新] データの持ち主が部門をまたいでおり、合意を取るまでに想定外の時間がかかった,データの持ち主が部門をまたいでおり、合意を取るまでに想定外の時間がかかった,"ガバナンス,合意形成",P097,2026-05-21,中
KN0168,PJ047,BestPractice,[SCM可視化基盤の刷新] RAGの前処理とチャンク設計は、要件定義の段階で検証しておくと後の手戻りが少ない,RAGの前処理とチャンク設計は、要件定義の段階で検証しておくと後の手戻りが少ない,"RAG,生成AI,設計",P079,2026-07-22,高
KN0169,PJ048,BestPractice,[勘定系周辺システムのモダナイゼーション] 需要予測モデルは業務KPIと接続した評価指標を定義してから開発に着手する,需要予測モデルは業務KPIと接続した評価指標を定義してから開発に着手する,"機械学習,KPI,需要予測",P159,2026-03-06,高
KN0170,PJ048,LessonsLearned,[勘定系周辺システムのモダナイゼーション] PoCの段階では見えなかったデータ品質の問題が、本番移行時に噴出した,PoCの段階では見えなかったデータ品質の問題が、本番移行時に噴出した,"データ品質,PoC,移行",P170,2026-04-17,高
KN0171,PJ048,BestPractice,[勘定系周辺システムのモダナイゼーション] ドメインごとにワークスペースを分離しておくと、容量の管理が現実的になる,ドメインごとにワークスペースを分離しておくと、容量の管理が現実的になる,"Fabric,運用,容量",P045,2026-03-28,低
KN0172,PJ048,BestPractice,[勘定系周辺システムのモダナイゼーション] 受入条件に出力評価の基準を明記しておくと、検収時の議論が短くなる,受入条件に出力評価の基準を明記しておくと、検収時の議論が短くなる,"生成AI,受入,品質",P045,2026-05-27,低
KN0173,PJ048,BestPractice,[勘定系周辺システムのモダナイゼーション] RAGの前処理とチャンク設計は、要件定義の段階で検証しておくと後の手戻りが少ない,RAGの前処理とチャンク設計は、要件定義の段階で検証しておくと後の手戻りが少ない,"RAG,生成AI,設計",P136,2026-06-11,高
KN0174,PJ049,BestPractice,[データガバナンス整備とPurview導入] 全社共通のルールだけでは使われず、部門別の手引きを添えて定着した,全社共通のルールだけでは使われず、部門別の手引きを添えて定着した,"生成AI,展開,定着",P196,2026-07-10,高
KN0175,PJ049,Issue,[データガバナンス整備とPurview導入] レイクハウスの権限設計を後追いで実施し、検証環境の再構築が発生した,レイクハウスの権限設計を後追いで実施し、検証環境の再構築が発生した,"セキュリティ,Fabric,権限",P196,2026-08-01,低
KN0176,PJ049,LessonsLearned,[データガバナンス整備とPurview導入] PoCの段階では見えなかったデータ品質の問題が、本番移行時に噴出した,PoCの段階では見えなかったデータ品質の問題が、本番移行時に噴出した,"データ品質,PoC,移行",P065,2026-07-30,高
KN0177,PJ049,LessonsLearned,[データガバナンス整備とPurview導入] 現場用語の辞書整備が後手に回り、ナレッジ検索の精度が目標に届かなかった,現場用語の辞書整備が後手に回り、ナレッジ検索の精度が目標に届かなかった,"生成AI,製造,用語",P065,2026-07-16,高
KN0178,PJ049,Issue,[データガバナンス整備とPurview導入] 基幹側のインターフェース仕様書が古いままで、結合テストで問題が続出した,基幹側のインターフェース仕様書が古いままで、結合テストで問題が続出した,"基幹,IF,テスト",P065,2026-07-22,高
KN0179,PJ050,Issue,[生成AIによる査定業務支援システム] 既存基幹システムのIF仕様が最新化されておらず、結合テストで不具合が集中した,既存基幹システムのIF仕様が最新化されておらず、結合テストで不具合が集中した,"基幹,IF,テスト",P085,2026-06-11,中
KN0180,PJ050,LessonsLearned,[生成AIによる査定業務支援システム] データの持ち主が部門をまたいでおり、合意を取るまでに想定外の時間がかかった,データの持ち主が部門をまたいでおり、合意を取るまでに想定外の時間がかかった,"ガバナンス,合意形成",P032,2026-06-25,高
KN0181,PJ051,LessonsLearned,[住民向けチャットボット構築] 用語辞書の整備を軽く見積もったため、検証フェーズで精度が伸び悩んだ,用語辞書の整備を軽く見積もったため、検証フェーズで精度が伸び悩んだ,"生成AI,製造,用語",P009,2026-08-03,高
KN0182,PJ051,BestPractice,[住民向けチャットボット構築] 全社展開フェーズでは部門ごとに利用ガイドラインを分けると定着が早い,全社展開フェーズでは部門ごとに利用ガイドラインを分けると定着が早い,"生成AI,展開,定着",P009,2026-07-31,高
KN0183,PJ051,LessonsLearned,[住民向けチャットボット構築] 顧客側の合意形成にかかる期間を、当初の見積りの2倍で見ておくべきだった,顧客側の合意形成にかかる期間を、当初の見積りの2倍で見ておくべきだった,"ガバナンス,合意形成",P024,2026-07-06,高
KN0184,PJ051,BestPractice,[住民向けチャットボット構築] Fabric導入時はドメイン単位でワークスペースを分割し、容量監視を初期から組み込む,Fabric導入時はドメイン単位でワークスペースを分割し、容量監視を初期から組み込む,"Fabric,運用,容量",P051,2026-07-21,高
KN0185,PJ052,Issue,[配車計画最適化ソリューション導入] 既存システムの連携仕様が更新されておらず、テスト工程で手戻りが集中した,既存システムの連携仕様が更新されておらず、テスト工程で手戻りが集中した,"基幹,IF,テスト",P037,2026-05-12,高
KN0186,PJ052,BestPractice,[配車計画最適化ソリューション導入] 全社共通のルールだけでは使われず、部門別の手引きを添えて定着した,全社共通のルールだけでは使われず、部門別の手引きを添えて定着した,"生成AI,展開,定着",P073,2026-06-22,中
KN0187,PJ052,Issue,[配車計画最適化ソリューション導入] レイクハウスのアクセス制御を後から設計したため、環境の再構築が必要になった,レイクハウスのアクセス制御を後から設計したため、環境の再構築が必要になった,"セキュリティ,Fabric,権限",P182,2026-07-10,低
KN0188,PJ052,BestPractice,[配車計画最適化ソリューション導入] チャンク設計の妥当性を早期に検証することが、RAG案件の手戻り防止につながる,チャンク設計の妥当性を早期に検証することが、RAG案件の手戻り防止につながる,"RAG,生成AI,設計",P072,2026-04-22,高
KN0189,PJ052,BestPractice,[配車計画最適化ソリューション導入] 需要予測モデルは業務KPIと接続した評価指標を定義してから開発に着手する,需要予測モデルは業務KPIと接続した評価指標を定義してから開発に着手する,"機械学習,KPI,需要予測",P101,2026-05-18,高
KN0190,PJ053,Issue,[研究データ統合分析基盤の構築] レイクハウスのアクセス制御を後から設計したため、環境の再構築が必要になった,レイクハウスのアクセス制御を後から設計したため、環境の再構築が必要になった,"セキュリティ,Fabric,権限",P025,2026-03-29,低
KN0191,PJ053,BestPractice,[研究データ統合分析基盤の構築] 生成AIの品質は主観に流れやすいため、評価基準を文書で握っておく,生成AIの品質は主観に流れやすいため、評価基準を文書で握っておく,"生成AI,受入,品質",P027,2026-04-13,中
KN0192,PJ054,Issue,[店舗オペレーション標準化支援] 基幹側のインターフェース仕様書が古いままで、結合テストで問題が続出した,基幹側のインターフェース仕様書が古いままで、結合テストで問題が続出した,"基幹,IF,テスト",P042,2026-05-05,高
KN0193,PJ054,LessonsLearned,[店舗オペレーション標準化支援] 現場用語の辞書整備が後手に回り、ナレッジ検索の精度が目標に届かなかった,現場用語の辞書整備が後手に回り、ナレッジ検索の精度が目標に届かなかった,"生成AI,製造,用語",P042,2026-02-05,低
KN0194,PJ055,LessonsLearned,[品質データ分析基盤のPoC] データオーナーとの調整が想定以上に長引き、スケジュールを圧迫した,データオーナーとの調整が想定以上に長引き、スケジュールを圧迫した,"ガバナンス,合意形成",P115,2026-08-04,高
KN0195,PJ055,BestPractice,[品質データ分析基盤のPoC] チャンク設計の妥当性を早期に検証することが、RAG案件の手戻り防止につながる,チャンク設計の妥当性を早期に検証することが、RAG案件の手戻り防止につながる,"RAG,生成AI,設計",P140,2026-07-06,中
KN0196,PJ055,Issue,[品質データ分析基盤のPoC] レイクハウスの権限設計を後追いで実施し、検証環境の再構築が発生した,レイクハウスの権限設計を後追いで実施し、検証環境の再構築が発生した,"セキュリティ,Fabric,権限",P085,2026-07-09,高
KN0197,PJ055,Issue,[品質データ分析基盤のPoC] 既存基幹システムのIF仕様が最新化されておらず、結合テストで不具合が集中した,既存基幹システムのIF仕様が最新化されておらず、結合テストで不具合が集中した,"基幹,IF,テスト",P115,2026-07-28,低
KN0198,PJ056,LessonsLearned,[エネルギー設備投資シミュレーション基盤] 現場用語の辞書整備が後手に回り、ナレッジ検索の精度が目標に届かなかった,現場用語の辞書整備が後手に回り、ナレッジ検索の精度が目標に届かなかった,"生成AI,製造,用語",P123,2026-06-04,高
KN0199,PJ056,Issue,[エネルギー設備投資シミュレーション基盤] IF仕様と実装の乖離に気づくのが遅れ、結合テストの工数が膨らんだ,IF仕様と実装の乖離に気づくのが遅れ、結合テストの工数が膨らんだ,"基幹,IF,テスト",P117,2026-01-30,低
KN0200,PJ056,BestPractice,[エネルギー設備投資シミュレーション基盤] モデルの評価指標は、業務KPIと結びつけた形で先に決めておく,モデルの評価指標は、業務KPIと結びつけた形で先に決めておく,"機械学習,KPI,需要予測",P117,2026-02-07,低
KN0201,PJ056,BestPractice,[エネルギー設備投資シミュレーション基盤] 生成AIの品質は主観に流れやすいため、評価基準を文書で握っておく,生成AIの品質は主観に流れやすいため、評価基準を文書で握っておく,"生成AI,受入,品質",P123,2026-05-24,中
KN0202,PJ057,BestPractice,[生産管理システム再構築] チャンク設計の妥当性を早期に検証することが、RAG案件の手戻り防止につながる,チャンク設計の妥当性を早期に検証することが、RAG案件の手戻り防止につながる,"RAG,生成AI,設計",P059,2026-07-19,低
KN0203,PJ057,BestPractice,[生産管理システム再構築] Fabric導入時はドメイン単位でワークスペースを分割し、容量監視を初期から組み込む,Fabric導入時はドメイン単位でワークスペースを分割し、容量監視を初期から組み込む,"Fabric,運用,容量",P052,2026-07-18,低
KN0204,PJ057,Issue,[生産管理システム再構築] 権限設計を後回しにした結果、検証環境を作り直すことになった,権限設計を後回しにした結果、検証環境を作り直すことになった,"セキュリティ,Fabric,権限",P052,2026-04-13,高
KN0205,PJ057,BestPractice,[生産管理システム再構築] 利用ガイドラインを部門ごとに用意したほうが、現場での定着は早い,利用ガイドラインを部門ごとに用意したほうが、現場での定着は早い,"生成AI,展開,定着",P041,2026-04-28,高
KN0206,PJ057,BestPractice,[生産管理システム再構築] 出力の良し悪しを判断する基準を顧客と合意し、受入条件に落としておく,出力の良し悪しを判断する基準を顧客と合意し、受入条件に落としておく,"生成AI,受入,品質",P052,2026-06-11,高
KN0207,PJ058,BestPractice,[Copilot活用による営業提案高度化] RAGの前処理とチャンク設計は、要件定義の段階で検証しておくと後の手戻りが少ない,RAGの前処理とチャンク設計は、要件定義の段階で検証しておくと後の手戻りが少ない,"RAG,生成AI,設計",P001,2026-07-14,低
KN0208,PJ058,BestPractice,[Copilot活用による営業提案高度化] 全社共通のルールだけでは使われず、部門別の手引きを添えて定着した,全社共通のルールだけでは使われず、部門別の手引きを添えて定着した,"生成AI,展開,定着",P122,2026-06-28,低
KN0209,PJ058,LessonsLearned,[Copilot活用による営業提案高度化] 現場用語の辞書整備が後手に回り、ナレッジ検索の精度が目標に届かなかった,現場用語の辞書整備が後手に回り、ナレッジ検索の精度が目標に届かなかった,"生成AI,製造,用語",P084,2026-08-03,高
KN0210,PJ058,BestPractice,[Copilot活用による営業提案高度化] Fabricの容量は後から効いてくるため、監視の仕組みを最初に用意しておく,Fabricの容量は後から効いてくるため、監視の仕組みを最初に用意しておく,"Fabric,運用,容量",P122,2026-08-04,高
KN0211,PJ058,LessonsLearned,[Copilot活用による営業提案高度化] PoCの段階では見えなかったデータ品質の問題が、本番移行時に噴出した,PoCの段階では見えなかったデータ品質の問題が、本番移行時に噴出した,"データ品質,PoC,移行",P100,2026-06-26,低
KN0212,PJ059,BestPractice,[サプライチェーンリスク分析基盤] 生成AI案件では出力評価の基準表を顧客と合意し、受入条件に明記する,生成AI案件では出力評価の基準表を顧客と合意し、受入条件に明記する,"生成AI,受入,品質",P002,2026-06-16,中
KN0213,PJ059,BestPractice,[サプライチェーンリスク分析基盤] 全社展開フェーズでは部門ごとに利用ガイドラインを分けると定着が早い,全社展開フェーズでは部門ごとに利用ガイドラインを分けると定着が早い,"生成AI,展開,定着",P002,2026-05-04,高
KN0214,PJ059,Issue,[サプライチェーンリスク分析基盤] レイクハウスのアクセス制御を後から設計したため、環境の再構築が必要になった,レイクハウスのアクセス制御を後から設計したため、環境の再構築が必要になった,"セキュリティ,Fabric,権限",P137,2026-08-01,高
KN0215,PJ060,Issue,[生成AIプラットフォーム全社展開支援] 既存システムの連携仕様が更新されておらず、テスト工程で手戻りが集中した,既存システムの連携仕様が更新されておらず、テスト工程で手戻りが集中した,"基幹,IF,テスト",P190,2026-06-15,高
KN0216,PJ060,BestPractice,[生成AIプラットフォーム全社展開支援] RAG案件では、前処理方式の検証を設計より前に置くほうが結果的に早い,RAG案件では、前処理方式の検証を設計より前に置くほうが結果的に早い,"RAG,生成AI,設計",P103,2026-06-29,高
KN0217,PJ060,BestPractice,[生成AIプラットフォーム全社展開支援] Fabricの容量は後から効いてくるため、監視の仕組みを最初に用意しておく,Fabricの容量は後から効いてくるため、監視の仕組みを最初に用意しておく,"Fabric,運用,容量",P086,2026-05-09,高
KN0218,PJ061,BestPractice,[販売分析データマート再構築] 精度だけを追うのではなく、業務KPIに接続した指標を定義してから開発に入る,精度だけを追うのではなく、業務KPIに接続した指標を定義してから開発に入る,"機械学習,KPI,需要予測",P026,2026-06-17,高
KN0219,PJ061,BestPractice,[販売分析データマート再構築] ワークスペースはドメイン単位で分け、容量の監視は導入初期から仕込んでおくとよい,ワークスペースはドメイン単位で分け、容量の監視は導入初期から仕込んでおくとよい,"Fabric,運用,容量",P026,2026-05-28,高
KN0220,PJ061,LessonsLearned,[販売分析データマート再構築] PoCの段階では見えなかったデータ品質の問題が、本番移行時に噴出した,PoCの段階では見えなかったデータ品質の問題が、本番移行時に噴出した,"データ品質,PoC,移行",P026,2026-08-05,低
KN0221,PJ062,BestPractice,[生成AIによる設計レビュー支援] ドメインごとにワークスペースを分離しておくと、容量の管理が現実的になる,ドメインごとにワークスペースを分離しておくと、容量の管理が現実的になる,"Fabric,運用,容量",P032,2026-07-23,高
KN0222,PJ062,Issue,[生成AIによる設計レビュー支援] レイクハウスの権限設計を後追いで実施し、検証環境の再構築が発生した,レイクハウスの権限設計を後追いで実施し、検証環境の再構築が発生した,"セキュリティ,Fabric,権限",P032,2026-07-31,高
KN0223,PJ062,LessonsLearned,[生成AIによる設計レビュー支援] 現場用語の定義が曖昧なまま開発に入り、精度改善に想定外の工数がかかった,現場用語の定義が曖昧なまま開発に入り、精度改善に想定外の工数がかかった,"生成AI,製造,用語",P035,2026-07-25,高
KN0224,PJ062,LessonsLearned,[生成AIによる設計レビュー支援] PoCから本番移行時にデータ品質要件を再定義する必要があった,PoCから本番移行時にデータ品質要件を再定義する必要があった,"データ品質,PoC,移行",P167,2026-07-05,高
KN0225,PJ062,LessonsLearned,[生成AIによる設計レビュー支援] 顧客側データオーナーの合意形成に想定の2倍の期間を要した,顧客側データオーナーの合意形成に想定の2倍の期間を要した,"ガバナンス,合意形成",P178,2026-07-20,高
KN0226,PJ063,LessonsLearned,[Fabricレイクハウス移行支援] データの持ち主が部門をまたいでおり、合意を取るまでに想定外の時間がかかった,データの持ち主が部門をまたいでおり、合意を取るまでに想定外の時間がかかった,"ガバナンス,合意形成",P054,2026-01-06,高
KN0227,PJ063,Issue,[Fabricレイクハウス移行支援] 基幹側のインターフェース仕様書が古いままで、結合テストで問題が続出した,基幹側のインターフェース仕様書が古いままで、結合テストで問題が続出した,"基幹,IF,テスト",P107,2026-01-29,中
KN0228,PJ063,Issue,[Fabricレイクハウス移行支援] 権限まわりの設計が遅れ、検証環境をゼロから組み直す事態を招いた,権限まわりの設計が遅れ、検証環境をゼロから組み直す事態を招いた,"セキュリティ,Fabric,権限",P107,2026-03-01,中
KN0229,PJ064,BestPractice,[需要予測基盤の本番展開] ドメインごとにワークスペースを分離しておくと、容量の管理が現実的になる,ドメインごとにワークスペースを分離しておくと、容量の管理が現実的になる,"Fabric,運用,容量",P026,2026-02-07,高
KN0230,PJ064,BestPractice,[需要予測基盤の本番展開] チャンク設計の妥当性を早期に検証することが、RAG案件の手戻り防止につながる,チャンク設計の妥当性を早期に検証することが、RAG案件の手戻り防止につながる,"RAG,生成AI,設計",P001,2026-03-15,中
KN0231,PJ064,LessonsLearned,[需要予測基盤の本番展開] 現場用語の辞書整備が後手に回り、ナレッジ検索の精度が目標に届かなかった,現場用語の辞書整備が後手に回り、ナレッジ検索の精度が目標に届かなかった,"生成AI,製造,用語",P001,2026-02-20,中
KN0232,PJ065,Issue,[生成AIによる保全ナレッジ検索] レイクハウスの権限設計を後追いで実施し、検証環境の再構築が発生した,レイクハウスの権限設計を後追いで実施し、検証環境の再構築が発生した,"セキュリティ,Fabric,権限",P053,2026-07-30,中
KN0233,PJ065,LessonsLearned,[生成AIによる保全ナレッジ検索] 用語辞書の整備を軽く見積もったため、検証フェーズで精度が伸び悩んだ,用語辞書の整備を軽く見積もったため、検証フェーズで精度が伸び悩んだ,"生成AI,製造,用語",P194,2026-07-18,中
KN0234,PJ066,BestPractice,[顧客データ統合基盤の構築] 全社展開フェーズでは部門ごとに利用ガイドラインを分けると定着が早い,全社展開フェーズでは部門ごとに利用ガイドラインを分けると定着が早い,"生成AI,展開,定着",P121,2026-05-12,高
KN0235,PJ066,Issue,[顧客データ統合基盤の構築] 権限設計を後回しにした結果、検証環境を作り直すことになった,権限設計を後回しにした結果、検証環境を作り直すことになった,"セキュリティ,Fabric,権限",P116,2026-05-17,高
KN0236,PJ067,LessonsLearned,[AIOps導入による運用高度化] 現場用語の定義が曖昧なまま開発に入り、精度改善に想定外の工数がかかった,現場用語の定義が曖昧なまま開発に入り、精度改善に想定外の工数がかかった,"生成AI,製造,用語",P190,2026-06-13,低
KN0237,PJ067,BestPractice,[AIOps導入による運用高度化] 需要予測では、何をもって成功とするかを業務側の指標で先に合意しておく,需要予測では、何をもって成功とするかを業務側の指標で先に合意しておく,"機械学習,KPI,需要予測",P022,2026-07-12,高
KN0238,PJ067,LessonsLearned,[AIOps導入による運用高度化] PoCで許容していたデータ欠損が本番では通らず、要件の再定義が発生した,PoCで許容していたデータ欠損が本番では通らず、要件の再定義が発生した,"データ品質,PoC,移行",P022,2026-07-10,中
KN0239,PJ067,BestPractice,[AIOps導入による運用高度化] 生成AIの品質は主観に流れやすいため、評価基準を文書で握っておく,生成AIの品質は主観に流れやすいため、評価基準を文書で握っておく,"生成AI,受入,品質",P022,2026-02-06,低
KN0240,PJ068,BestPractice,[生成AIによる文書点検自動化] 需要予測では、何をもって成功とするかを業務側の指標で先に合意しておく,需要予測では、何をもって成功とするかを業務側の指標で先に合意しておく,"機械学習,KPI,需要予測",P192,2026-07-25,高
KN0241,PJ068,Issue,[生成AIによる文書点検自動化] 既存システムの連携仕様が更新されておらず、テスト工程で手戻りが集中した,既存システムの連携仕様が更新されておらず、テスト工程で手戻りが集中した,"基幹,IF,テスト",P070,2026-07-26,中
KN0242,PJ068,BestPractice,[生成AIによる文書点検自動化] 受入条件に出力評価の基準を明記しておくと、検収時の議論が短くなる,受入条件に出力評価の基準を明記しておくと、検収時の議論が短くなる,"生成AI,受入,品質",P113,2026-07-23,高
KN0243,PJ069,Issue,[経営管理データ基盤の刷新] レイクハウスのアクセス制御を後から設計したため、環境の再構築が必要になった,レイクハウスのアクセス制御を後から設計したため、環境の再構築が必要になった,"セキュリティ,Fabric,権限",P189,2026-03-29,低
KN0244,PJ069,LessonsLearned,[経営管理データ基盤の刷新] 現場用語の定義が曖昧なまま開発に入り、精度改善に想定外の工数がかかった,現場用語の定義が曖昧なまま開発に入り、精度改善に想定外の工数がかかった,"生成AI,製造,用語",P063,2026-07-30,低
KN0245,PJ069,Issue,[経営管理データ基盤の刷新] 既存システムの連携仕様が更新されておらず、テスト工程で手戻りが集中した,既存システムの連携仕様が更新されておらず、テスト工程で手戻りが集中した,"基幹,IF,テスト",P200,2026-06-19,中
KN0246,PJ069,BestPractice,[経営管理データ基盤の刷新] 利用ガイドラインを部門ごとに用意したほうが、現場での定着は早い,利用ガイドラインを部門ごとに用意したほうが、現場での定着は早い,"生成AI,展開,定着",P063,2026-03-12,低
KN0247,PJ070,Issue,[販売実績ダッシュボードの統合] 基幹側のインターフェース仕様書が古いままで、結合テストで問題が続出した,基幹側のインターフェース仕様書が古いままで、結合テストで問題が続出した,"基幹,IF,テスト",P033,2026-07-20,高
KN0248,PJ070,BestPractice,[販売実績ダッシュボードの統合] 全社共通のルールだけでは使われず、部門別の手引きを添えて定着した,全社共通のルールだけでは使われず、部門別の手引きを添えて定着した,"生成AI,展開,定着",P123,2026-04-09,高
KN0249,PJ070,LessonsLearned,[販売実績ダッシュボードの統合] 用語辞書の整備を軽く見積もったため、検証フェーズで精度が伸び悩んだ,用語辞書の整備を軽く見積もったため、検証フェーズで精度が伸び悩んだ,"生成AI,製造,用語",P123,2026-05-19,低
KN0250,PJ070,BestPractice,[販売実績ダッシュボードの統合] チャンク設計の妥当性を早期に検証することが、RAG案件の手戻り防止につながる,チャンク設計の妥当性を早期に検証することが、RAG案件の手戻り防止につながる,"RAG,生成AI,設計",P033,2026-06-05,高
KN0251,PJ070,Issue,[販売実績ダッシュボードの統合] レイクハウスのアクセス制御を後から設計したため、環境の再構築が必要になった,レイクハウスのアクセス制御を後から設計したため、環境の再構築が必要になった,"セキュリティ,Fabric,権限",P123,2026-05-23,高
KN0252,PJ071,BestPractice,[原価管理レポートの標準化] RAG構成では前処理とチャンク設計の検証を要件定義段階で実施すると手戻りが減る,RAG構成では前処理とチャンク設計の検証を要件定義段階で実施すると手戻りが減る,"RAG,生成AI,設計",P029,2026-02-20,高
KN0253,PJ071,Issue,[原価管理レポートの標準化] レイクハウスのアクセス制御を後から設計したため、環境の再構築が必要になった,レイクハウスのアクセス制御を後から設計したため、環境の再構築が必要になった,"セキュリティ,Fabric,権限",P120,2026-03-10,高
KN0254,PJ071,Issue,[原価管理レポートの標準化] IF仕様と実装の乖離に気づくのが遅れ、結合テストの工数が膨らんだ,IF仕様と実装の乖離に気づくのが遅れ、結合テストの工数が膨らんだ,"基幹,IF,テスト",P029,2026-03-08,中
KN0255,PJ071,BestPractice,[原価管理レポートの標準化] Fabric導入時はドメイン単位でワークスペースを分割し、容量監視を初期から組み込む,Fabric導入時はドメイン単位でワークスペースを分割し、容量監視を初期から組み込む,"Fabric,運用,容量",P029,2026-06-06,中
KN0256,PJ072,BestPractice,[経営KPIの可視化基盤構築] RAG案件では、前処理方式の検証を設計より前に置くほうが結果的に早い,RAG案件では、前処理方式の検証を設計より前に置くほうが結果的に早い,"RAG,生成AI,設計",P012,2026-07-11,低
KN0257,PJ072,BestPractice,[経営KPIの可視化基盤構築] 精度だけを追うのではなく、業務KPIに接続した指標を定義してから開発に入る,精度だけを追うのではなく、業務KPIに接続した指標を定義してから開発に入る,"機械学習,KPI,需要予測",P019,2026-05-10,高
KN0258,PJ072,Issue,[経営KPIの可視化基盤構築] 既存基幹システムのIF仕様が最新化されておらず、結合テストで不具合が集中した,既存基幹システムのIF仕様が最新化されておらず、結合テストで不具合が集中した,"基幹,IF,テスト",P012,2026-07-25,低
KN0259,PJ073,LessonsLearned,[データ利活用ポリシーの策定支援] データの持ち主が部門をまたいでおり、合意を取るまでに想定外の時間がかかった,データの持ち主が部門をまたいでおり、合意を取るまでに想定外の時間がかかった,"ガバナンス,合意形成",P162,2026-04-24,中
KN0260,PJ073,BestPractice,[データ利活用ポリシーの策定支援] 全社共通のルールだけでは使われず、部門別の手引きを添えて定着した,全社共通のルールだけでは使われず、部門別の手引きを添えて定着した,"生成AI,展開,定着",P124,2026-04-09,高
KN0261,PJ073,LessonsLearned,[データ利活用ポリシーの策定支援] 略語や社内用語の揺れを吸収できず、検索が期待したとおりに当たらなかった,略語や社内用語の揺れを吸収できず、検索が期待したとおりに当たらなかった,"生成AI,製造,用語",P162,2026-06-08,低
KN0262,PJ074,BestPractice,[個人情報の取り扱い基準整備] 精度だけを追うのではなく、業務KPIに接続した指標を定義してから開発に入る,精度だけを追うのではなく、業務KPIに接続した指標を定義してから開発に入る,"機械学習,KPI,需要予測",P186,2026-07-18,高
KN0263,PJ074,BestPractice,[個人情報の取り扱い基準整備] RAG案件では、前処理方式の検証を設計より前に置くほうが結果的に早い,RAG案件では、前処理方式の検証を設計より前に置くほうが結果的に早い,"RAG,生成AI,設計",P034,2026-08-01,高
KN0264,PJ074,LessonsLearned,[個人情報の取り扱い基準整備] 顧客側の合意形成にかかる期間を、当初の見積りの2倍で見ておくべきだった,顧客側の合意形成にかかる期間を、当初の見積りの2倍で見ておくべきだった,"ガバナンス,合意形成",P144,2026-07-17,低
KN0265,PJ074,Issue,[個人情報の取り扱い基準整備] 既存システムの連携仕様が更新されておらず、テスト工程で手戻りが集中した,既存システムの連携仕様が更新されておらず、テスト工程で手戻りが集中した,"基幹,IF,テスト",P186,2026-07-23,中
KN0266,PJ074,LessonsLearned,[個人情報の取り扱い基準整備] 現場用語の辞書整備が後手に回り、ナレッジ検索の精度が目標に届かなかった,現場用語の辞書整備が後手に回り、ナレッジ検索の精度が目標に届かなかった,"生成AI,製造,用語",P186,2026-07-06,高
KN0267,PJ075,Issue,[DX推進ロードマップの策定] レイクハウスのアクセス制御を後から設計したため、環境の再構築が必要になった,レイクハウスのアクセス制御を後から設計したため、環境の再構築が必要になった,"セキュリティ,Fabric,権限",P181,2026-06-28,低
KN0268,PJ075,BestPractice,[DX推進ロードマップの策定] 生成AI案件では出力評価の基準表を顧客と合意し、受入条件に明記する,生成AI案件では出力評価の基準表を顧客と合意し、受入条件に明記する,"生成AI,受入,品質",P108,2026-03-09,高
KN0269,PJ075,BestPractice,[DX推進ロードマップの策定] モデルの評価指標は、業務KPIと結びつけた形で先に決めておく,モデルの評価指標は、業務KPIと結びつけた形で先に決めておく,"機械学習,KPI,需要予測",P064,2026-07-08,低
KN0270,PJ075,LessonsLearned,[DX推進ロードマップの策定] PoCから本番移行時にデータ品質要件を再定義する必要があった,PoCから本番移行時にデータ品質要件を再定義する必要があった,"データ品質,PoC,移行",P108,2026-05-10,高
KN0271,PJ075,LessonsLearned,[DX推進ロードマップの策定] 顧客側データオーナーの合意形成に想定の2倍の期間を要した,顧客側データオーナーの合意形成に想定の2倍の期間を要した,"ガバナンス,合意形成",P064,2026-07-18,低
KN0272,PJ076,Issue,[業務プロセス再設計の支援] 既存システムの連携仕様が更新されておらず、テスト工程で手戻りが集中した,既存システムの連携仕様が更新されておらず、テスト工程で手戻りが集中した,"基幹,IF,テスト",P036,2026-07-24,高
KN0273,PJ076,LessonsLearned,[業務プロセス再設計の支援] PoCの段階では見えなかったデータ品質の問題が、本番移行時に噴出した,PoCの段階では見えなかったデータ品質の問題が、本番移行時に噴出した,"データ品質,PoC,移行",P042,2026-06-10,低
KN0274,PJ076,BestPractice,[業務プロセス再設計の支援] 生成AIの品質は主観に流れやすいため、評価基準を文書で握っておく,生成AIの品質は主観に流れやすいため、評価基準を文書で握っておく,"生成AI,受入,品質",P042,2026-06-25,中
KN0275,PJ077,LessonsLearned,[生産管理システムの刷新構想策定] PoCで許容していたデータ欠損が本番では通らず、要件の再定義が発生した,PoCで許容していたデータ欠損が本番では通らず、要件の再定義が発生した,"データ品質,PoC,移行",P187,2026-03-31,低
KN0276,PJ077,BestPractice,[生産管理システムの刷新構想策定] ワークスペースはドメイン単位で分け、容量の監視は導入初期から仕込んでおくとよい,ワークスペースはドメイン単位で分け、容量の監視は導入初期から仕込んでおくとよい,"Fabric,運用,容量",P187,2026-01-22,高
KN0277,PJ077,LessonsLearned,[生産管理システムの刷新構想策定] 用語辞書の整備を軽く見積もったため、検証フェーズで精度が伸び悩んだ,用語辞書の整備を軽く見積もったため、検証フェーズで精度が伸び悩んだ,"生成AI,製造,用語",P131,2026-02-25,高
KN0278,PJ078,LessonsLearned,[販売管理システムのリプレース] データオーナーとの調整が想定以上に長引き、スケジュールを圧迫した,データオーナーとの調整が想定以上に長引き、スケジュールを圧迫した,"ガバナンス,合意形成",P055,2026-04-29,高
KN0279,PJ078,Issue,[販売管理システムのリプレース] 権限まわりの設計が遅れ、検証環境をゼロから組み直す事態を招いた,権限まわりの設計が遅れ、検証環境をゼロから組み直す事態を招いた,"セキュリティ,Fabric,権限",P055,2026-05-26,高
