PersonSkillId,PersonId,SkillId,ProficiencyLevel,YearsOfExperience,EvidenceProjectId,EvidenceType
PS0001,P001,SK001,上級,4,PJ024,案件実績
PS0002,P001,SK005,エキスパート,12,PJ023,案件実績
PS0003,P001,SK021,上級,15,PJ023,案件実績
PS0004,P001,SK014,エキスパート,13,PJ031,案件実績
PS0005,P001,SK004,エキスパート,6,PJ004,案件実績
PS0006,P001,SK006,エキスパート,9,PJ064,案件実績
PS0007,P001,SK002,上級,7,PJ064,案件実績
PS0008,P001,SK019,エキスパート,11,PJ058,案件実績
PS0009,P001,SK015,上級,4,,自己申告
PS0010,P002,SK015,初級,3,PJ035,案件実績
PS0011,P002,SK020,中級,4,PJ035,案件実績
PS0012,P002,SK006,中級,3,PJ056,案件実績
PS0013,P002,SK002,中級,3,PJ056,案件実績
PS0014,P002,SK023,初級,3,PJ059,案件実績
PS0015,P002,SK004,中級,4,PJ059,案件実績
PS0016,P002,SK011,初級,3,,自己申告
PS0017,P003,SK009,中級,4,PJ018,案件実績
PS0018,P003,SK006,中級,4,PJ013,案件実績
PS0019,P003,SK004,中級,2,PJ012,案件実績
PS0020,P003,SK002,中級,7,PJ007,案件実績
PS0021,P003,SK020,中級,5,,自己申告
PS0022,P003,SK008,中級,6,,自己申告
PS0023,P004,SK022,中級,1,,自己申告
PS0024,P004,SK012,上級,13,,自己申告
PS0025,P005,SK014,上級,9,PJ010,案件実績
PS0026,P005,SK015,エキスパート,8,PJ010,案件実績
PS0027,P005,SK003,上級,5,PJ031,案件実績
PS0028,P005,SK016,中級,3,,自己申告
PS0029,P005,SK019,中級,8,,自己申告
PS0030,P005,SK017,上級,10,,自己申告
PS0031,P006,SK014,エキスパート,8,PJ014,案件実績
PS0032,P006,SK001,上級,3,PJ014,案件実績
PS0033,P006,SK005,上級,6,PJ040,案件実績
PS0034,P006,SK004,中級,9,,自己申告
PS0035,P006,SK011,上級,5,,自己申告
PS0036,P007,SK024,上級,11,PJ012,案件実績
PS0037,P007,SK019,上級,15,PJ073,案件実績
PS0038,P007,SK015,エキスパート,9,PJ073,案件実績
PS0039,P007,SK014,上級,12,PJ041,案件実績
PS0040,P007,SK002,上級,7,,自己申告
PS0041,P007,SK003,中級,7,,自己申告
PS0042,P007,SK005,中級,2,,自己申告
PS0043,P008,SK020,中級,4,,自己申告
PS0044,P008,SK022,上級,15,,自己申告
PS0045,P008,SK012,中級,8,,自己申告
PS0046,P008,SK016,上級,15,,自己申告
PS0047,P009,SK004,中級,4,PJ029,案件実績
PS0048,P009,SK014,中級,4,PJ024,案件実績
PS0049,P009,SK008,中級,4,PJ044,案件実績
PS0050,P009,SK007,初級,1,PJ044,案件実績
PS0051,P009,SK024,中級,2,PJ051,案件実績
PS0052,P009,SK020,中級,1,,自己申告
PS0053,P010,SK021,中級,3,PJ038,案件実績
PS0054,P010,SK016,中級,3,PJ032,案件実績
PS0055,P010,SK003,中級,5,PJ032,案件実績
PS0056,P010,SK009,中級,4,,自己申告
PS0057,P010,SK018,中級,3,,自己申告
PS0058,P011,SK016,中級,9,,自己申告
PS0059,P011,SK020,中級,4,,自己申告
PS0060,P011,SK022,初級,3,,自己申告
PS0061,P011,SK012,中級,5,,自己申告
PS0062,P012,SK003,上級,3,PJ072,案件実績
PS0063,P012,SK022,中級,10,,自己申告
PS0064,P012,SK016,上級,4,,自己申告
PS0065,P013,SK016,上級,12,PJ036,案件実績
PS0066,P013,SK017,中級,5,,自己申告
PS0067,P013,SK025,中級,6,,自己申告
PS0068,P013,SK019,上級,9,,自己申告
PS0069,P014,SK023,中級,2,PJ061,案件実績
PS0070,P014,SK019,中級,4,,自己申告
PS0071,P014,SK010,中級,2,,自己申告
PS0072,P015,SK016,中級,9,PJ036,案件実績
PS0073,P015,SK017,中級,8,PJ036,案件実績
PS0074,P015,SK012,中級,4,,自己申告
PS0075,P015,SK022,中級,1,,自己申告
PS0076,P015,SK020,初級,1,,自己申告
PS0077,P016,SK014,中級,2,PJ006,案件実績
PS0078,P016,SK003,上級,15,PJ006,案件実績
PS0079,P016,SK020,上級,13,,自己申告
PS0080,P016,SK016,上級,12,,自己申告
PS0081,P016,SK012,エキスパート,14,,自己申告
PS0082,P017,SK021,エキスパート,7,PJ038,案件実績
PS0083,P017,SK016,上級,5,PJ038,案件実績
PS0084,P017,SK019,エキスパート,7,PJ058,案件実績
PS0085,P017,SK018,中級,4,,自己申告
PS0086,P017,SK009,上級,7,,自己申告
PS0087,P018,SK019,中級,7,,自己申告
PS0088,P018,SK016,上級,12,,自己申告
PS0089,P019,SK019,中級,1,PJ072,案件実績
PS0090,P019,SK020,中級,1,,自己申告
PS0091,P019,SK012,中級,1,,自己申告
PS0092,P019,SK022,初級,1,,自己申告
PS0093,P020,SK014,エキスパート,5,PJ024,案件実績
PS0094,P020,SK001,エキスパート,12,PJ024,案件実績
PS0095,P020,SK016,エキスパート,14,PJ018,案件実績
PS0096,P020,SK009,上級,14,PJ018,案件実績
PS0097,P020,SK002,上級,7,PJ017,案件実績
PS0098,P020,SK006,エキスパート,8,PJ025,案件実績
PS0099,P020,SK004,中級,2,PJ023,案件実績
PS0100,P020,SK021,上級,10,PJ023,案件実績
PS0101,P020,SK022,エキスパート,6,PJ050,案件実績
PS0102,P020,SK012,上級,3,,自己申告
PS0103,P020,SK020,中級,5,,自己申告
PS0104,P021,SK022,エキスパート,5,,自己申告
PS0105,P021,SK016,上級,12,,自己申告
PS0106,P021,SK012,エキスパート,15,,自己申告
PS0107,P021,SK020,エキスパート,9,,自己申告
PS0108,P022,SK007,中級,2,PJ067,案件実績
PS0109,P022,SK008,中級,2,PJ067,案件実績
PS0110,P022,SK003,中級,9,,自己申告
PS0111,P022,SK011,中級,4,,自己申告
PS0112,P023,SK020,中級,4,PJ074,案件実績
PS0113,P023,SK019,上級,7,,自己申告
PS0114,P023,SK025,上級,7,,自己申告
PS0115,P023,SK016,中級,8,,自己申告
PS0116,P024,SK004,中級,2,PJ051,案件実績
PS0117,P024,SK016,中級,2,,自己申告
PS0118,P024,SK012,中級,8,,自己申告
PS0119,P025,SK014,中級,2,PJ053,案件実績
PS0120,P025,SK001,初級,2,PJ053,案件実績
PS0121,P025,SK004,中級,1,,自己申告
PS0122,P025,SK015,中級,2,,自己申告
PS0123,P026,SK014,上級,6,PJ030,案件実績
PS0124,P026,SK002,上級,8,PJ017,案件実績
PS0125,P026,SK006,上級,11,PJ064,案件実績
PS0126,P026,SK005,エキスパート,8,PJ043,案件実績
PS0127,P026,SK023,中級,3,PJ061,案件実績
PS0128,P026,SK008,上級,13,,自己申告
PS0129,P026,SK020,中級,7,,自己申告
PS0130,P027,SK014,上級,6,PJ014,案件実績
PS0131,P027,SK007,中級,7,,自己申告
PS0132,P027,SK013,中級,4,,自己申告
PS0133,P027,SK012,中級,3,,自己申告
PS0134,P027,SK020,中級,5,,自己申告
PS0135,P028,SK022,中級,1,,自己申告
PS0136,P028,SK020,上級,5,,自己申告
PS0137,P029,SK003,初級,1,PJ071,案件実績
PS0138,P029,SK016,中級,1,PJ071,案件実績
PS0139,P029,SK014,中級,1,PJ041,案件実績
PS0140,P029,SK011,中級,1,,自己申告
PS0141,P029,SK005,中級,1,,自己申告
PS0142,P029,SK015,中級,1,,自己申告
PS0143,P030,SK019,エキスパート,5,PJ034,案件実績
PS0144,P030,SK015,上級,12,PJ034,案件実績
PS0145,P030,SK024,中級,9,,自己申告
PS0146,P030,SK012,中級,10,,自己申告
PS0147,P031,SK012,上級,6,,自己申告
PS0148,P031,SK024,中級,10,,自己申告
PS0149,P032,SK010,上級,5,PJ027,案件実績
PS0150,P032,SK014,上級,11,PJ006,案件実績
PS0151,P032,SK003,エキスパート,5,PJ006,案件実績
PS0152,P032,SK005,中級,3,PJ050,案件実績
PS0153,P032,SK021,中級,9,PJ062,案件実績
PS0154,P032,SK002,上級,6,,自己申告
PS0155,P032,SK011,中級,6,,自己申告
PS0156,P033,SK003,中級,1,PJ070,案件実績
PS0157,P033,SK010,上級,14,,自己申告
PS0158,P033,SK016,中級,3,,自己申告
PS0159,P033,SK019,エキスパート,14,,自己申告
PS0160,P033,SK023,上級,13,,自己申告
PS0161,P034,SK015,中級,4,PJ074,案件実績
PS0162,P034,SK020,エキスパート,10,PJ074,案件実績
PS0163,P034,SK016,上級,12,,自己申告
PS0164,P034,SK022,中級,8,,自己申告
PS0165,P034,SK012,上級,14,,自己申告
PS0166,P035,SK012,上級,12,PJ039,案件実績
PS0167,P035,SK001,上級,4,PJ016,案件実績
PS0168,P035,SK004,中級,6,PJ062,案件実績
PS0169,P035,SK013,上級,12,,自己申告
PS0170,P036,SK019,中級,7,PJ015,案件実績
PS0171,P036,SK016,中級,4,PJ076,案件実績
PS0172,P036,SK025,中級,2,,自己申告
PS0173,P037,SK008,中級,11,PJ028,案件実績
PS0174,P037,SK007,上級,12,PJ028,案件実績
PS0175,P037,SK015,中級,3,PJ010,案件実績
PS0176,P037,SK014,エキスパート,11,PJ010,案件実績
PS0177,P037,SK006,上級,13,PJ064,案件実績
PS0178,P037,SK001,上級,6,PJ047,案件実績
PS0179,P037,SK003,上級,4,,自己申告
PS0180,P038,SK020,中級,6,,自己申告
PS0181,P038,SK012,上級,12,,自己申告
PS0182,P038,SK016,中級,1,,自己申告
PS0183,P039,SK017,中級,4,PJ075,案件実績
PS0184,P039,SK024,上級,14,,自己申告
PS0185,P039,SK019,上級,10,,自己申告
PS0186,P039,SK012,上級,5,,自己申告
PS0187,P039,SK016,中級,8,,自己申告
PS0188,P040,SK020,中級,11,,自己申告
PS0189,P040,SK016,上級,7,,自己申告
PS0190,P041,SK009,エキスパート,13,PJ057,案件実績
PS0191,P041,SK018,エキスパート,7,,自己申告
PS0192,P041,SK021,上級,8,,自己申告
PS0193,P042,SK014,中級,3,PJ022,案件実績
PS0194,P042,SK001,上級,5,PJ022,案件実績
PS0195,P042,SK019,中級,3,PJ054,案件実績
PS0196,P042,SK010,初級,5,,自己申告
PS0197,P042,SK016,中級,1,,自己申告
PS0198,P042,SK023,初級,2,,自己申告
PS0199,P043,SK008,上級,9,PJ044,案件実績
PS0200,P043,SK010,中級,9,,自己申告
PS0201,P043,SK019,中級,6,,自己申告
PS0202,P044,SK012,中級,2,PJ039,案件実績
PS0203,P044,SK019,中級,6,,自己申告
PS0204,P044,SK023,中級,5,,自己申告
PS0205,P044,SK010,中級,1,,自己申告
PS0206,P044,SK016,中級,9,,自己申告
PS0207,P045,SK005,中級,3,PJ011,案件実績
PS0208,P045,SK004,中級,3,PJ011,案件実績
PS0209,P045,SK012,中級,2,PJ048,案件実績
PS0210,P045,SK007,初級,2,PJ048,案件実績
PS0211,P045,SK016,中級,3,,自己申告
PS0212,P045,SK020,中級,1,,自己申告
PS0213,P045,SK022,中級,1,,自己申告
PS0214,P046,SK001,中級,9,PJ022,案件実績
PS0215,P046,SK014,中級,3,PJ022,案件実績
PS0216,P046,SK023,中級,2,PJ015,案件実績
PS0217,P046,SK019,上級,6,PJ015,案件実績
PS0218,P046,SK004,上級,8,PJ059,案件実績
PS0219,P046,SK016,初級,7,,自己申告
PS0220,P046,SK010,中級,5,,自己申告
PS0221,P047,SK019,初級,2,PJ033,案件実績
PS0222,P047,SK014,初級,4,PJ033,案件実績
PS0223,P047,SK025,中級,3,,自己申告
PS0224,P048,SK016,中級,9,,自己申告
PS0225,P048,SK018,中級,1,,自己申告
PS0226,P048,SK009,初級,6,,自己申告
PS0227,P048,SK021,中級,6,,自己申告
PS0228,P049,SK024,中級,11,,自己申告
PS0229,P049,SK012,中級,8,,自己申告
PS0230,P050,SK009,中級,4,PJ018,案件実績
PS0231,P050,SK014,上級,3,PJ022,案件実績
PS0232,P050,SK001,中級,3,PJ002,案件実績
PS0233,P050,SK015,中級,4,PJ002,案件実績
PS0234,P050,SK022,エキスパート,8,PJ050,案件実績
PS0235,P050,SK012,中級,4,PJ078,案件実績
PS0236,P050,SK006,エキスパート,7,PJ042,案件実績
PS0237,P050,SK011,中級,2,PJ042,案件実績
PS0238,P050,SK013,中級,8,,自己申告
PS0239,P050,SK008,中級,3,,自己申告
PS0240,P051,SK004,上級,13,PJ029,案件実績
PS0241,P051,SK005,エキスパート,12,PJ029,案件実績
PS0242,P051,SK010,上級,13,PJ027,案件実績
PS0243,P051,SK001,中級,4,PJ027,案件実績
PS0244,P051,SK015,上級,14,PJ035,案件実績
PS0245,P051,SK006,エキスパート,12,PJ042,案件実績
PS0246,P051,SK002,エキスパート,5,PJ042,案件実績
PS0247,P051,SK024,エキスパート,10,PJ051,案件実績
PS0248,P051,SK014,中級,10,,自己申告
PS0249,P051,SK011,上級,14,,自己申告
PS0250,P052,SK021,中級,2,PJ057,案件実績
PS0251,P052,SK009,初級,1,,自己申告
PS0252,P052,SK016,中級,5,,自己申告
PS0253,P053,SK005,上級,6,PJ011,案件実績
PS0254,P053,SK022,エキスパート,13,PJ011,案件実績
PS0255,P053,SK007,上級,13,PJ005,案件実績
PS0256,P053,SK019,上級,14,PJ019,案件実績
PS0257,P053,SK004,エキスパート,11,PJ019,案件実績
PS0258,P053,SK001,エキスパート,7,PJ041,案件実績
PS0259,P053,SK002,上級,13,,自己申告
PS0260,P053,SK014,中級,10,,自己申告
PS0261,P054,SK019,上級,8,PJ037,案件実績
PS0262,P054,SK014,中級,7,PJ063,案件実績
PS0263,P054,SK001,初級,1,PJ059,案件実績
PS0264,P054,SK004,中級,5,PJ059,案件実績
PS0265,P054,SK016,中級,3,,自己申告
PS0266,P054,SK010,中級,8,,自己申告
PS0267,P054,SK023,中級,7,,自己申告
PS0268,P055,SK009,エキスパート,6,PJ018,案件実績
PS0269,P055,SK015,上級,11,PJ010,案件実績
PS0270,P055,SK014,上級,9,PJ010,案件実績
PS0271,P055,SK021,エキスパート,12,PJ023,案件実績
PS0272,P055,SK004,上級,13,PJ023,案件実績
PS0273,P055,SK012,上級,12,PJ078,案件実績
PS0274,P055,SK018,中級,7,,自己申告
PS0275,P056,SK020,中級,1,,自己申告
PS0276,P056,SK022,上級,4,,自己申告
PS0277,P056,SK016,上級,9,,自己申告
PS0278,P057,SK004,中級,7,PJ043,案件実績
PS0279,P057,SK005,初級,4,PJ043,案件実績
PS0280,P057,SK009,中級,3,,自己申告
PS0281,P057,SK018,中級,6,,自己申告
PS0282,P058,SK019,中級,1,PJ058,案件実績
PS0283,P058,SK004,中級,1,PJ058,案件実績
PS0284,P058,SK009,中級,1,,自己申告
PS0285,P058,SK021,中級,1,,自己申告
PS0286,P059,SK021,上級,9,PJ026,案件実績
PS0287,P059,SK009,中級,10,PJ057,案件実績
PS0288,P059,SK016,上級,12,PJ057,案件実績
PS0289,P060,SK016,中級,3,PJ038,案件実績
PS0290,P060,SK004,初級,1,PJ043,案件実績
PS0291,P060,SK005,中級,3,PJ043,案件実績
PS0292,P060,SK021,中級,2,,自己申告
PS0293,P060,SK018,中級,3,,自己申告
PS0294,P061,SK019,エキスパート,9,PJ054,案件実績
PS0295,P061,SK023,上級,11,PJ054,案件実績
PS0296,P061,SK016,中級,5,PJ076,案件実績
PS0297,P061,SK025,中級,5,,自己申告
PS0298,P062,SK023,上級,4,PJ008,案件実績
PS0299,P062,SK009,中級,4,PJ038,案件実績
PS0300,P062,SK016,中級,10,PJ038,案件実績
PS0301,P062,SK007,上級,7,PJ067,案件実績
PS0302,P062,SK008,中級,7,,自己申告
PS0303,P062,SK013,中級,1,,自己申告
PS0304,P063,SK001,中級,4,PJ008,案件実績
PS0305,P063,SK014,上級,7,PJ008,案件実績
PS0306,P063,SK011,エキスパート,8,PJ013,案件実績
PS0307,P063,SK006,エキスパート,11,PJ013,案件実績
PS0308,P063,SK005,エキスパート,5,PJ021,案件実績
PS0309,P063,SK004,上級,8,PJ021,案件実績
PS0310,P063,SK022,エキスパート,6,PJ009,案件実績
PS0311,P063,SK003,上級,11,PJ069,案件実績
PS0312,P063,SK007,上級,3,,自己申告
PS0313,P063,SK012,中級,2,,自己申告
PS0314,P064,SK017,上級,5,PJ075,案件実績
PS0315,P064,SK019,中級,6,PJ075,案件実績
PS0316,P064,SK016,中級,2,PJ076,案件実績
PS0317,P064,SK025,中級,5,,自己申告
PS0318,P065,SK020,上級,13,PJ035,案件実績
PS0319,P065,SK014,エキスパート,10,PJ006,案件実績
PS0320,P065,SK003,中級,2,PJ006,案件実績
PS0321,P065,SK001,上級,13,PJ016,案件実績
PS0322,P065,SK015,中級,11,PJ049,案件実績
PS0323,P066,SK016,中級,8,,自己申告
PS0324,P066,SK018,中級,11,,自己申告
PS0325,P067,SK001,中級,4,PJ008,案件実績
PS0326,P067,SK014,中級,3,PJ063,案件実績
PS0327,P067,SK010,中級,3,,自己申告
PS0328,P067,SK016,初級,5,,自己申告
PS0329,P068,SK006,中級,3,PJ003,案件実績
PS0330,P068,SK024,中級,2,PJ051,案件実績
PS0331,P068,SK002,中級,2,,自己申告
PS0332,P069,SK001,中級,1,PJ041,案件実績
PS0333,P069,SK014,中級,1,PJ041,案件実績
PS0334,P069,SK015,中級,1,,自己申告
PS0335,P070,SK001,中級,9,PJ001,案件実績
PS0336,P070,SK008,上級,4,PJ005,案件実績
PS0337,P070,SK005,上級,8,PJ004,案件実績
PS0338,P070,SK004,中級,7,PJ068,案件実績
PS0339,P070,SK020,中級,5,,自己申告
PS0340,P071,SK004,中級,7,PJ062,案件実績
PS0341,P071,SK021,中級,4,,自己申告
PS0342,P071,SK018,初級,3,,自己申告
PS0343,P071,SK009,中級,1,,自己申告
PS0344,P072,SK011,初級,3,PJ052,案件実績
PS0345,P072,SK006,中級,7,PJ052,案件実績
PS0346,P072,SK005,中級,2,,自己申告
PS0347,P072,SK004,初級,2,,自己申告
PS0348,P073,SK021,エキスパート,8,PJ023,案件実績
PS0349,P073,SK005,中級,3,PJ023,案件実績
PS0350,P073,SK014,中級,2,PJ006,案件実績
PS0351,P073,SK003,上級,9,PJ006,案件実績
PS0352,P073,SK006,上級,11,PJ052,案件実績
PS0353,P073,SK002,中級,1,,自己申告
PS0354,P073,SK004,中級,9,,自己申告
PS0355,P074,SK001,エキスパート,10,PJ024,案件実績
PS0356,P074,SK014,上級,9,PJ024,案件実績
PS0357,P074,SK003,中級,10,,自己申告
PS0358,P074,SK005,中級,5,,自己申告
PS0359,P075,SK005,エキスパート,15,PJ029,案件実績
PS0360,P075,SK002,エキスパート,8,PJ025,案件実績
PS0361,P075,SK006,エキスパート,11,PJ025,案件実績
PS0362,P075,SK014,エキスパート,8,PJ045,案件実績
PS0363,P075,SK015,上級,12,,自己申告
PS0364,P075,SK004,上級,3,,自己申告
PS0365,P076,SK012,上級,14,,自己申告
PS0366,P076,SK016,上級,15,,自己申告
PS0367,P076,SK019,上級,14,,自己申告
PS0368,P076,SK024,中級,4,,自己申告
PS0369,P077,SK016,初級,6,,自己申告
PS0370,P077,SK024,初級,3,,自己申告
PS0371,P077,SK019,中級,1,,自己申告
PS0372,P077,SK012,初級,4,,自己申告
PS0373,P078,SK015,上級,3,PJ034,案件実績
PS0374,P078,SK014,上級,12,PJ033,案件実績
PS0375,P078,SK003,エキスパート,12,PJ006,案件実績
PS0376,P078,SK025,中級,2,,自己申告
PS0377,P078,SK016,上級,14,,自己申告
PS0378,P078,SK019,中級,9,,自己申告
PS0379,P079,SK019,エキスパート,10,PJ037,案件実績
PS0380,P079,SK023,上級,8,PJ020,案件実績
PS0381,P079,SK001,中級,2,PJ061,案件実績
PS0382,P079,SK010,中級,1,,自己申告
PS0383,P079,SK016,エキスパート,5,,自己申告
PS0384,P080,SK015,中級,6,PJ010,案件実績
PS0385,P080,SK014,中級,6,PJ010,案件実績
PS0386,P080,SK003,エキスパート,5,PJ032,案件実績
PS0387,P080,SK016,上級,9,PJ032,案件実績
PS0388,P080,SK019,上級,7,,自己申告
PS0389,P080,SK017,中級,5,,自己申告
PS0390,P081,SK023,上級,9,PJ008,案件実績
PS0391,P081,SK005,上級,9,PJ021,案件実績
PS0392,P081,SK024,上級,10,PJ012,案件実績
PS0393,P081,SK004,中級,10,PJ012,案件実績
PS0394,P081,SK001,中級,5,PJ069,案件実績
PS0395,P081,SK006,中級,9,,自己申告
PS0396,P081,SK002,上級,10,,自己申告
PS0397,P081,SK014,中級,1,,自己申告
PS0398,P082,SK002,上級,14,PJ003,案件実績
PS0399,P082,SK007,中級,2,PJ009,案件実績
PS0400,P082,SK004,エキスパート,12,PJ004,案件実績
PS0401,P082,SK005,中級,2,PJ004,案件実績
PS0402,P082,SK016,エキスパート,9,PJ077,案件実績
PS0403,P082,SK009,上級,8,PJ077,案件実績
PS0404,P082,SK006,中級,4,PJ056,案件実績
PS0405,P082,SK008,中級,1,,自己申告
PS0406,P082,SK012,上級,3,,自己申告
PS0407,P082,SK020,上級,14,,自己申告
PS0408,P083,SK009,上級,5,PJ018,案件実績
PS0409,P083,SK016,上級,5,PJ018,案件実績
PS0410,P083,SK005,上級,7,PJ001,案件実績
PS0411,P083,SK001,中級,3,PJ001,案件実績
PS0412,P083,SK018,初級,6,,自己申告
PS0413,P083,SK021,中級,2,,自己申告
PS0414,P084,SK019,中級,4,PJ058,案件実績
PS0415,P084,SK016,中級,4,,自己申告
PS0416,P084,SK009,中級,4,,自己申告
PS0417,P085,SK004,エキスパート,14,PJ050,案件実績
PS0418,P085,SK001,エキスパート,6,PJ055,案件実績
PS0419,P085,SK011,エキスパート,7,,自己申告
PS0420,P085,SK005,中級,3,,自己申告
PS0421,P085,SK006,エキスパート,11,,自己申告
PS0422,P085,SK002,上級,15,,自己申告
PS0423,P086,SK014,エキスパート,15,PJ030,案件実績
PS0424,P086,SK001,エキスパート,14,PJ022,案件実績
PS0425,P086,SK005,エキスパート,13,PJ021,案件実績
PS0426,P086,SK023,エキスパート,13,PJ020,案件実績
PS0427,P086,SK006,エキスパート,11,PJ052,案件実績
PS0428,P086,SK004,上級,9,PJ060,案件実績
PS0429,P086,SK011,エキスパート,14,,自己申告
PS0430,P086,SK003,エキスパート,5,,自己申告
PS0431,P087,SK024,中級,7,PJ012,案件実績
PS0432,P087,SK004,中級,8,PJ012,案件実績
PS0433,P087,SK019,中級,3,,自己申告
PS0434,P088,SK003,エキスパート,13,PJ031,案件実績
PS0435,P088,SK016,上級,9,,自己申告
PS0436,P088,SK023,中級,11,,自己申告
PS0437,P088,SK010,中級,8,,自己申告
PS0438,P089,SK012,上級,11,,自己申告
PS0439,P089,SK024,上級,14,,自己申告
PS0440,P089,SK019,上級,13,,自己申告
PS0441,P090,SK005,中級,7,PJ011,案件実績
PS0442,P090,SK004,初級,3,PJ001,案件実績
PS0443,P090,SK007,中級,7,PJ028,案件実績
PS0444,P090,SK014,中級,3,PJ041,案件実績
PS0445,P090,SK002,初級,6,,自己申告
PS0446,P091,SK012,中級,3,,自己申告
PS0447,P091,SK019,中級,4,,自己申告
PS0448,P091,SK016,中級,5,,自己申告
PS0449,P091,SK024,中級,2,,自己申告
PS0450,P092,SK004,初級,3,PJ019,案件実績
PS0451,P092,SK019,中級,2,PJ019,案件実績
PS0452,P092,SK021,中級,3,PJ007,案件実績
PS0453,P092,SK018,中級,2,,自己申告
PS0454,P092,SK016,中級,2,,自己申告
PS0455,P092,SK009,初級,2,,自己申告
PS0456,P093,SK006,中級,5,PJ025,案件実績
PS0457,P093,SK001,エキスパート,7,PJ001,案件実績
PS0458,P093,SK002,エキスパート,12,PJ007,案件実績
PS0459,P093,SK021,中級,2,PJ007,案件実績
PS0460,P093,SK004,中級,6,PJ004,案件実績
PS0461,P093,SK005,中級,7,PJ065,案件実績
PS0462,P093,SK012,中級,2,,自己申告
PS0463,P093,SK007,中級,6,,自己申告
PS0464,P094,SK005,上級,3,PJ021,案件実績
PS0465,P094,SK006,上級,6,PJ003,案件実績
PS0466,P094,SK002,上級,15,PJ003,案件実績
PS0467,P094,SK001,上級,4,PJ047,案件実績
PS0468,P094,SK008,エキスパート,8,,自己申告
PS0469,P094,SK007,上級,12,,自己申告
PS0470,P094,SK012,エキスパート,5,,自己申告
PS0471,P095,SK011,中級,6,PJ013,案件実績
PS0472,P095,SK004,中級,3,PJ012,案件実績
PS0473,P095,SK024,中級,6,PJ012,案件実績
PS0474,P095,SK006,中級,3,PJ052,案件実績
PS0475,P095,SK003,中級,1,,自己申告
PS0476,P095,SK014,中級,4,,自己申告
PS0477,P095,SK015,初級,7,,自己申告
PS0478,P096,SK012,上級,3,,自己申告
PS0479,P096,SK024,エキスパート,15,,自己申告
PS0480,P096,SK016,エキスパート,6,,自己申告
PS0481,P096,SK019,上級,14,,自己申告
PS0482,P097,SK005,エキスパート,9,PJ001,案件実績
PS0483,P097,SK001,上級,6,PJ001,案件実績
PS0484,P097,SK007,エキスパート,11,PJ028,案件実績
PS0485,P097,SK008,エキスパート,14,PJ028,案件実績
PS0486,P097,SK011,中級,4,PJ003,案件実績
PS0487,P097,SK002,エキスパート,11,PJ003,案件実績
PS0488,P097,SK003,エキスパート,10,PJ032,案件実績
PS0489,P097,SK016,上級,13,PJ032,案件実績
PS0490,P097,SK022,エキスパート,11,PJ009,案件実績
PS0491,P097,SK014,中級,1,PJ047,案件実績
PS0492,P097,SK015,上級,3,,自己申告
PS0493,P097,SK006,上級,12,,自己申告
PS0494,P098,SK001,エキスパート,7,PJ030,案件実績
PS0495,P098,SK020,中級,10,,自己申告
PS0496,P098,SK012,中級,6,,自己申告
PS0497,P099,SK023,初級,3,PJ054,案件実績
PS0498,P099,SK010,初級,1,,自己申告
PS0499,P099,SK016,初級,1,,自己申告
PS0500,P100,SK004,初級,3,PJ058,案件実績
PS0501,P100,SK019,初級,3,PJ058,案件実績
PS0502,P100,SK016,初級,1,,自己申告
PS0503,P100,SK009,初級,1,,自己申告
PS0504,P100,SK021,中級,3,,自己申告
PS0505,P100,SK018,中級,3,,自己申告
PS0506,P101,SK005,エキスパート,15,PJ001,案件実績
PS0507,P101,SK001,エキスパート,10,PJ001,案件実績
PS0508,P101,SK016,エキスパート,13,PJ032,案件実績
PS0509,P101,SK011,中級,1,PJ052,案件実績
PS0510,P101,SK006,上級,3,PJ052,案件実績
PS0511,P101,SK014,上級,12,,自己申告
PS0512,P101,SK015,上級,5,,自己申告
PS0513,P101,SK002,エキスパート,14,,自己申告
PS0514,P102,SK021,初級,2,PJ016,案件実績
PS0515,P102,SK001,中級,2,PJ016,案件実績
PS0516,P102,SK014,中級,2,PJ031,案件実績
PS0517,P102,SK003,中級,2,PJ031,案件実績
PS0518,P102,SK007,中級,2,PJ009,案件実績
PS0519,P102,SK023,初級,2,PJ061,案件実績
PS0520,P102,SK011,中級,2,,自己申告
PS0521,P102,SK004,初級,2,,自己申告
PS0522,P102,SK005,中級,2,,自己申告
PS0523,P103,SK009,上級,14,PJ038,案件実績
PS0524,P103,SK016,中級,3,PJ038,案件実績
PS0525,P103,SK006,上級,15,PJ017,案件実績
PS0526,P103,SK002,上級,12,PJ017,案件実績
PS0527,P103,SK001,エキスパート,6,PJ027,案件実績
PS0528,P103,SK015,中級,2,PJ060,案件実績
PS0529,P103,SK004,上級,14,PJ060,案件実績
PS0530,P103,SK008,中級,9,,自己申告
PS0531,P103,SK007,上級,3,,自己申告
PS0532,P103,SK020,上級,15,,自己申告
PS0533,P103,SK012,上級,14,,自己申告
PS0534,P104,SK019,中級,9,,自己申告
PS0535,P104,SK025,中級,1,,自己申告
PS0536,P104,SK017,中級,2,,自己申告
PS0537,P104,SK016,中級,7,,自己申告
PS0538,P105,SK021,上級,7,PJ026,案件実績
PS0539,P105,SK005,中級,5,PJ001,案件実績
PS0540,P105,SK001,中級,3,PJ001,案件実績
PS0541,P105,SK006,中級,2,PJ046,案件実績
PS0542,P105,SK002,上級,9,PJ046,案件実績
PS0543,P105,SK018,中級,2,,自己申告
PS0544,P106,SK016,初級,5,,自己申告
PS0545,P106,SK019,初級,7,,自己申告
PS0546,P106,SK025,中級,1,,自己申告
PS0547,P106,SK017,初級,4,,自己申告
PS0548,P107,SK014,上級,9,PJ022,案件実績
PS0549,P107,SK001,エキスパート,5,PJ002,案件実績
PS0550,P107,SK004,上級,12,,自己申告
PS0551,P108,SK017,中級,8,PJ075,案件実績
PS0552,P108,SK016,上級,10,PJ075,案件実績
PS0553,P108,SK019,中級,1,,自己申告
PS0554,P109,SK019,中級,5,,自己申告
PS0555,P109,SK016,上級,6,,自己申告
PS0556,P109,SK024,中級,9,,自己申告
PS0557,P109,SK012,中級,9,,自己申告
PS0558,P110,SK024,中級,1,,自己申告
PS0559,P110,SK012,初級,2,,自己申告
PS0560,P110,SK019,初級,2,,自己申告
PS0561,P110,SK016,初級,2,,自己申告
PS0562,P111,SK024,中級,6,,自己申告
PS0563,P111,SK019,中級,8,,自己申告
PS0564,P111,SK012,中級,4,,自己申告
PS0565,P111,SK016,上級,6,,自己申告
PS0566,P112,SK001,エキスパート,8,PJ014,案件実績
PS0567,P112,SK008,中級,3,PJ028,案件実績
PS0568,P112,SK011,中級,7,PJ003,案件実績
PS0569,P112,SK003,上級,7,PJ071,案件実績
PS0570,P112,SK006,上級,13,,自己申告
PS0571,P112,SK015,中級,8,,自己申告
PS0572,P112,SK002,中級,4,,自己申告
PS0573,P113,SK006,初級,4,PJ017,案件実績
PS0574,P113,SK002,中級,3,PJ017,案件実績
PS0575,P113,SK011,中級,3,PJ013,案件実績
PS0576,P113,SK008,中級,4,PJ028,案件実績
PS0577,P113,SK015,初級,2,PJ035,案件実績
PS0578,P113,SK003,初級,3,PJ032,案件実績
PS0579,P113,SK014,中級,3,PJ006,案件実績
PS0580,P113,SK005,中級,8,PJ068,案件実績
PS0581,P114,SK014,エキスパート,15,PJ006,案件実績
PS0582,P114,SK016,上級,15,,自己申告
PS0583,P114,SK025,上級,14,,自己申告
PS0584,P114,SK017,エキスパート,6,,自己申告
PS0585,P114,SK019,中級,3,,自己申告
PS0586,P115,SK001,中級,7,PJ014,案件実績
PS0587,P115,SK021,上級,8,PJ018,案件実績
PS0588,P115,SK011,中級,8,PJ013,案件実績
PS0589,P115,SK023,初級,4,PJ020,案件実績
PS0590,P115,SK004,中級,8,PJ020,案件実績
PS0591,P115,SK008,中級,2,PJ044,案件実績
PS0592,P115,SK007,中級,5,PJ044,案件実績
PS0593,P115,SK019,初級,3,PJ058,案件実績
PS0594,P115,SK020,初級,5,,自己申告
PS0595,P115,SK012,中級,3,,自己申告
PS0596,P116,SK004,エキスパート,8,PJ011,案件実績
PS0597,P116,SK022,中級,5,PJ011,案件実績
PS0598,P116,SK006,エキスパート,6,PJ013,案件実績
PS0599,P116,SK011,エキスパート,7,PJ013,案件実績
PS0600,P116,SK021,中級,2,PJ016,案件実績
PS0601,P116,SK001,上級,3,PJ016,案件実績
PS0602,P116,SK010,エキスパート,9,PJ066,案件実績
PS0603,P116,SK014,中級,9,,自己申告
PS0604,P117,SK006,中級,3,PJ056,案件実績
PS0605,P117,SK002,中級,1,PJ056,案件実績
PS0606,P117,SK013,初級,3,,自己申告
PS0607,P117,SK020,中級,2,,自己申告
PS0608,P118,SK020,エキスパート,11,,自己申告
PS0609,P118,SK016,エキスパート,14,,自己申告
PS0610,P118,SK022,中級,1,,自己申告
PS0611,P118,SK012,上級,11,,自己申告
PS0612,P119,SK001,上級,8,PJ002,案件実績
PS0613,P119,SK012,中級,11,,自己申告
PS0614,P119,SK016,上級,4,,自己申告
PS0615,P119,SK019,中級,7,,自己申告
PS0616,P119,SK024,中級,11,,自己申告
PS0617,P120,SK016,初級,1,PJ071,案件実績
PS0618,P120,SK021,中級,2,,自己申告
PS0619,P120,SK018,中級,2,,自己申告
PS0620,P121,SK001,上級,6,PJ008,案件実績
PS0621,P121,SK023,上級,6,PJ008,案件実績
PS0622,P121,SK004,中級,4,PJ026,案件実績
PS0623,P121,SK009,中級,3,PJ077,案件実績
PS0624,P121,SK010,上級,6,PJ066,案件実績
PS0625,P121,SK008,中級,2,,自己申告
PS0626,P121,SK012,初級,1,,自己申告
PS0627,P121,SK013,中級,4,,自己申告
PS0628,P122,SK016,中級,4,PJ032,案件実績
PS0629,P122,SK003,上級,5,PJ032,案件実績
PS0630,P122,SK001,中級,5,PJ016,案件実績
PS0631,P122,SK004,初級,3,PJ019,案件実績
PS0632,P122,SK019,中級,7,PJ058,案件実績
PS0633,P122,SK021,初級,6,,自己申告
PS0634,P123,SK012,上級,14,PJ009,案件実績
PS0635,P123,SK007,エキスパート,6,PJ009,案件実績
PS0636,P123,SK006,エキスパート,12,PJ056,案件実績
PS0637,P123,SK003,エキスパート,14,PJ070,案件実績
PS0638,P123,SK014,中級,5,PJ070,案件実績
PS0639,P123,SK004,中級,8,,自己申告
PS0640,P124,SK019,エキスパート,9,PJ034,案件実績
PS0641,P124,SK006,上級,8,PJ025,案件実績
PS0642,P124,SK002,エキスパート,12,PJ025,案件実績
PS0643,P124,SK004,エキスパート,10,PJ001,案件実績
PS0644,P124,SK001,エキスパート,6,PJ001,案件実績
PS0645,P124,SK023,中級,3,PJ022,案件実績
PS0646,P124,SK015,中級,1,PJ073,案件実績
PS0647,P124,SK014,上級,12,,自己申告
PS0648,P124,SK003,エキスパート,14,,自己申告
PS0649,P125,SK015,エキスパート,7,PJ034,案件実績
PS0650,P125,SK019,中級,11,PJ034,案件実績
PS0651,P125,SK016,エキスパート,8,PJ075,案件実績
PS0652,P125,SK024,上級,12,,自己申告
PS0653,P126,SK019,中級,11,PJ033,案件実績
PS0654,P126,SK014,エキスパート,8,PJ033,案件実績
PS0655,P126,SK016,中級,1,PJ076,案件実績
PS0656,P126,SK025,上級,10,,自己申告
PS0657,P126,SK017,中級,2,,自己申告
PS0658,P127,SK016,中級,5,PJ037,案件実績
PS0659,P127,SK003,中級,6,PJ031,案件実績
PS0660,P127,SK014,中級,5,PJ031,案件実績
PS0661,P127,SK009,中級,5,PJ044,案件実績
PS0662,P127,SK008,初級,4,PJ044,案件実績
PS0663,P127,SK019,中級,4,,自己申告
PS0664,P127,SK023,初級,1,,自己申告
PS0665,P128,SK014,初級,3,PJ022,案件実績
PS0666,P128,SK009,初級,4,PJ044,案件実績
PS0667,P128,SK007,中級,5,PJ044,案件実績
PS0668,P128,SK011,中級,2,,自己申告
PS0669,P128,SK015,中級,4,,自己申告
PS0670,P128,SK002,初級,5,,自己申告
PS0671,P129,SK024,中級,1,,自己申告
PS0672,P129,SK012,中級,2,,自己申告
PS0673,P129,SK019,上級,3,,自己申告
PS0674,P130,SK009,エキスパート,10,PJ077,案件実績
PS0675,P130,SK018,中級,7,,自己申告
PS0676,P130,SK021,中級,2,,自己申告
PS0677,P130,SK016,中級,4,,自己申告
PS0678,P131,SK016,中級,9,PJ077,案件実績
PS0679,P131,SK021,中級,4,PJ077,案件実績
PS0680,P131,SK007,中級,9,,自己申告
PS0681,P131,SK013,中級,7,,自己申告
PS0682,P131,SK012,中級,7,,自己申告
PS0683,P131,SK020,初級,7,,自己申告
PS0684,P132,SK021,エキスパート,5,,自己申告
PS0685,P132,SK009,上級,8,,自己申告
PS0686,P133,SK014,上級,6,PJ033,案件実績
PS0687,P133,SK022,初級,4,,自己申告
PS0688,P133,SK020,初級,5,,自己申告
PS0689,P133,SK012,中級,4,,自己申告
PS0690,P134,SK012,初級,5,,自己申告
PS0691,P134,SK020,中級,8,,自己申告
PS0692,P135,SK001,上級,8,PJ047,案件実績
PS0693,P135,SK023,中級,4,PJ047,案件実績
PS0694,P135,SK010,初級,5,,自己申告
PS0695,P135,SK019,初級,3,,自己申告
PS0696,P135,SK016,初級,7,,自己申告
PS0697,P136,SK017,上級,7,PJ036,案件実績
PS0698,P136,SK019,上級,15,PJ036,案件実績
PS0699,P136,SK020,上級,13,PJ035,案件実績
PS0700,P136,SK012,エキスパート,13,PJ048,案件実績
PS0701,P136,SK007,上級,13,PJ048,案件実績
PS0702,P136,SK016,中級,3,,自己申告
PS0703,P137,SK011,上級,14,PJ013,案件実績
PS0704,P137,SK009,エキスパート,9,PJ005,案件実績
PS0705,P137,SK007,中級,8,PJ005,案件実績
PS0706,P137,SK015,上級,13,PJ021,案件実績
PS0707,P137,SK004,上級,13,PJ019,案件実績
PS0708,P137,SK019,中級,3,PJ019,案件実績
PS0709,P137,SK003,中級,1,PJ070,案件実績
PS0710,P137,SK014,中級,9,PJ070,案件実績
PS0711,P137,SK023,上級,12,PJ059,案件実績
PS0712,P137,SK001,エキスパート,12,PJ059,案件実績
PS0713,P137,SK002,上級,4,,自己申告
PS0714,P138,SK007,中級,1,PJ048,案件実績
PS0715,P138,SK022,中級,1,PJ048,案件実績
PS0716,P138,SK014,中級,1,PJ072,案件実績
PS0717,P138,SK011,中級,1,,自己申告
PS0718,P138,SK004,中級,1,,自己申告
PS0719,P139,SK004,中級,4,PJ019,案件実績
PS0720,P139,SK019,中級,4,PJ019,案件実績
PS0721,P139,SK018,中級,1,,自己申告
PS0722,P139,SK021,中級,4,,自己申告
PS0723,P139,SK016,初級,3,,自己申告
PS0724,P139,SK009,中級,5,,自己申告
PS0725,P140,SK001,中級,1,PJ055,案件実績
PS0726,P140,SK021,初級,1,PJ062,案件実績
PS0727,P140,SK004,初級,1,PJ062,案件実績
PS0728,P140,SK016,初級,1,,自己申告
PS0729,P141,SK016,中級,1,,自己申告
PS0730,P141,SK023,中級,9,,自己申告
PS0731,P142,SK015,エキスパート,5,PJ034,案件実績
PS0732,P142,SK019,上級,3,PJ034,案件実績
PS0733,P142,SK017,中級,10,,自己申告
PS0734,P142,SK025,中級,1,,自己申告
PS0735,P143,SK020,初級,1,,自己申告
PS0736,P143,SK012,中級,6,,自己申告
PS0737,P144,SK002,上級,8,PJ025,案件実績
PS0738,P144,SK011,上級,6,PJ013,案件実績
PS0739,P144,SK015,上級,10,PJ010,案件実績
PS0740,P144,SK014,上級,7,PJ010,案件実績
PS0741,P144,SK006,上級,5,PJ046,案件実績
PS0742,P144,SK001,中級,5,,自己申告
PS0743,P144,SK003,中級,1,,自己申告
PS0744,P145,SK016,初級,4,PJ037,案件実績
PS0745,P145,SK019,中級,3,PJ015,案件実績
PS0746,P145,SK023,初級,2,PJ054,案件実績
PS0747,P145,SK010,初級,4,,自己申告
PS0748,P146,SK019,初級,3,,自己申告
PS0749,P146,SK024,初級,5,,自己申告
PS0750,P146,SK012,中級,2,,自己申告
PS0751,P146,SK016,中級,2,,自己申告
PS0752,P147,SK015,上級,7,PJ034,案件実績
PS0753,P147,SK019,上級,14,PJ034,案件実績
PS0754,P147,SK024,上級,11,,自己申告
PS0755,P147,SK012,上級,10,,自己申告
PS0756,P147,SK016,上級,11,,自己申告
PS0757,P148,SK001,エキスパート,15,PJ020,案件実績
PS0758,P148,SK019,上級,10,,自己申告
PS0759,P148,SK016,エキスパート,6,,自己申告
PS0760,P148,SK010,エキスパート,7,,自己申告
PS0761,P148,SK023,上級,6,,自己申告
PS0762,P149,SK005,中級,6,PJ026,案件実績
PS0763,P149,SK004,中級,8,PJ026,案件実績
PS0764,P149,SK015,上級,6,PJ021,案件実績
PS0765,P149,SK016,中級,1,,自己申告
PS0766,P149,SK021,初級,1,,自己申告
PS0767,P150,SK025,初級,4,,自己申告
PS0768,P150,SK019,中級,2,,自己申告
PS0769,P151,SK009,中級,10,,自己申告
PS0770,P151,SK018,上級,10,,自己申告
PS0771,P151,SK021,上級,3,,自己申告
PS0772,P151,SK016,中級,4,,自己申告
PS0773,P152,SK017,中級,3,PJ036,案件実績
PS0774,P152,SK019,中級,3,PJ036,案件実績
PS0775,P152,SK016,初級,3,PJ037,案件実績
PS0776,P152,SK003,中級,4,PJ032,案件実績
PS0777,P152,SK015,中級,1,PJ073,案件実績
PS0778,P152,SK025,中級,4,,自己申告
PS0779,P153,SK002,中級,5,PJ025,案件実績
PS0780,P153,SK006,上級,5,PJ025,案件実績
PS0781,P153,SK009,初級,1,PJ078,案件実績
PS0782,P153,SK019,中級,3,,自己申告
PS0783,P153,SK023,中級,5,,自己申告
PS0784,P153,SK010,初級,2,,自己申告
PS0785,P153,SK016,中級,4,,自己申告
PS0786,P154,SK023,中級,6,PJ022,案件実績
PS0787,P154,SK014,上級,7,PJ022,案件実績
PS0788,P154,SK006,中級,7,PJ046,案件実績
PS0789,P154,SK004,中級,5,,自己申告
PS0790,P154,SK001,中級,5,,自己申告
PS0791,P155,SK014,エキスパート,7,PJ014,案件実績
PS0792,P155,SK001,エキスパート,9,PJ014,案件実績
PS0793,P155,SK008,上級,4,PJ028,案件実績
PS0794,P155,SK007,中級,2,PJ028,案件実績
PS0795,P155,SK005,エキスパート,10,PJ040,案件実績
PS0796,P155,SK020,エキスパート,6,,自己申告
PS0797,P155,SK013,上級,4,,自己申告
PS0798,P155,SK012,上級,3,,自己申告
PS0799,P156,SK019,エキスパート,14,PJ034,案件実績
PS0800,P156,SK015,エキスパート,10,PJ034,案件実績
PS0801,P156,SK014,エキスパート,13,PJ027,案件実績
PS0802,P156,SK010,エキスパート,14,PJ027,案件実績
PS0803,P156,SK004,エキスパート,7,PJ012,案件実績
PS0804,P156,SK024,エキスパート,15,PJ012,案件実績
PS0805,P156,SK012,中級,1,,自己申告
PS0806,P157,SK020,中級,3,,自己申告
PS0807,P157,SK016,中級,3,,自己申告
PS0808,P157,SK022,初級,1,,自己申告
PS0809,P157,SK012,中級,2,,自己申告
PS0810,P158,SK024,エキスパート,10,PJ012,案件実績
PS0811,P158,SK004,エキスパート,10,PJ012,案件実績
PS0812,P158,SK006,エキスパート,8,PJ064,案件実績
PS0813,P158,SK005,中級,1,PJ040,案件実績
PS0814,P158,SK001,エキスパート,5,PJ040,案件実績
PS0815,P158,SK014,上級,13,,自己申告
PS0816,P159,SK007,上級,4,PJ048,案件実績
PS0817,P159,SK012,中級,5,PJ048,案件実績
PS0818,P159,SK020,中級,7,,自己申告
PS0819,P159,SK013,中級,4,,自己申告
PS0820,P159,SK008,中級,7,,自己申告
PS0821,P160,SK002,エキスパート,7,PJ007,案件実績
PS0822,P160,SK021,上級,3,PJ046,案件実績
PS0823,P160,SK018,中級,2,,自己申告
PS0824,P160,SK016,上級,11,,自己申告
PS0825,P161,SK015,エキスパート,13,PJ002,案件実績
PS0826,P161,SK001,エキスパート,12,PJ002,案件実績
PS0827,P161,SK019,上級,14,,自己申告
PS0828,P161,SK024,上級,8,,自己申告
PS0829,P161,SK012,中級,6,,自己申告
PS0830,P161,SK016,中級,3,,自己申告
PS0831,P162,SK019,中級,1,PJ073,案件実績
PS0832,P162,SK016,中級,9,,自己申告
PS0833,P163,SK006,中級,3,PJ017,案件実績
PS0834,P163,SK003,中級,8,PJ032,案件実績
PS0835,P163,SK016,中級,8,PJ032,案件実績
PS0836,P163,SK015,上級,4,,自己申告
PS0837,P163,SK011,上級,6,,自己申告
PS0838,P163,SK005,上級,5,,自己申告
PS0839,P164,SK016,上級,5,PJ036,案件実績
PS0840,P164,SK019,中級,5,PJ036,案件実績
PS0841,P164,SK020,初級,3,,自己申告
PS0842,P164,SK012,中級,1,,自己申告
PS0843,P164,SK022,中級,2,,自己申告
PS0844,P165,SK006,エキスパート,12,PJ025,案件実績
PS0845,P165,SK023,エキスパート,7,PJ020,案件実績
PS0846,P165,SK001,上級,11,PJ020,案件実績
PS0847,P165,SK019,中級,5,,自己申告
PS0848,P166,SK023,中級,1,,自己申告
PS0849,P166,SK019,初級,1,,自己申告
PS0850,P166,SK010,中級,1,,自己申告
PS0851,P166,SK016,中級,1,,自己申告
PS0852,P167,SK014,上級,8,PJ024,案件実績
PS0853,P167,SK001,エキスパート,12,PJ024,案件実績
PS0854,P167,SK005,エキスパート,5,PJ023,案件実績
PS0855,P167,SK012,上級,3,PJ039,案件実績
PS0856,P167,SK009,中級,11,PJ039,案件実績
PS0857,P167,SK002,上級,3,PJ007,案件実績
PS0858,P167,SK021,中級,4,PJ055,案件実績
PS0859,P167,SK016,上級,8,,自己申告
PS0860,P167,SK018,中級,6,,自己申告
PS0861,P168,SK012,上級,3,PJ039,案件実績
PS0862,P168,SK019,エキスパート,7,PJ054,案件実績
PS0863,P168,SK016,中級,1,,自己申告
PS0864,P168,SK010,中級,7,,自己申告
PS0865,P169,SK015,中級,2,PJ035,案件実績
PS0866,P169,SK016,エキスパート,5,PJ076,案件実績
PS0867,P169,SK019,エキスパート,6,PJ076,案件実績
PS0868,P169,SK017,エキスパート,6,,自己申告
PS0869,P169,SK025,中級,1,,自己申告
PS0870,P170,SK005,エキスパート,12,PJ029,案件実績
PS0871,P170,SK014,上級,5,PJ014,案件実績
PS0872,P170,SK001,エキスパート,15,PJ014,案件実績
PS0873,P170,SK019,上級,14,PJ033,案件実績
PS0874,P170,SK022,上級,3,PJ048,案件実績
PS0875,P170,SK007,エキスパート,14,PJ048,案件実績
PS0876,P170,SK015,中級,7,,自己申告
PS0877,P170,SK004,上級,12,,自己申告
PS0878,P171,SK014,中級,4,PJ033,案件実績
PS0879,P171,SK004,中級,6,PJ050,案件実績
PS0880,P171,SK022,中級,5,,自己申告
PS0881,P171,SK016,中級,3,,自己申告
PS0882,P171,SK020,中級,1,,自己申告
PS0883,P171,SK012,初級,3,,自己申告
PS0884,P172,SK020,中級,2,,自己申告
PS0885,P172,SK022,中級,1,,自己申告
PS0886,P172,SK016,初級,2,,自己申告
PS0887,P172,SK012,初級,4,,自己申告
PS0888,P173,SK014,上級,4,PJ030,案件実績
PS0889,P173,SK003,エキスパート,12,PJ030,案件実績
PS0890,P173,SK016,上級,3,PJ036,案件実績
PS0891,P173,SK022,エキスパート,11,PJ011,案件実績
PS0892,P173,SK020,中級,3,,自己申告
PS0893,P173,SK012,中級,9,,自己申告
PS0894,P174,SK022,中級,10,PJ009,案件実績
PS0895,P174,SK010,エキスパート,14,PJ066,案件実績
PS0896,P174,SK001,中級,4,PJ066,案件実績
PS0897,P174,SK006,上級,4,PJ042,案件実績
PS0898,P174,SK002,中級,10,PJ042,案件実績
PS0899,P174,SK014,中級,1,PJ061,案件実績
PS0900,P174,SK023,エキスパート,12,PJ061,案件実績
PS0901,P174,SK007,上級,11,,自己申告
PS0902,P174,SK008,上級,13,,自己申告
PS0903,P174,SK020,上級,12,,自己申告
PS0904,P175,SK014,初級,2,PJ041,案件実績
PS0905,P175,SK001,中級,7,PJ041,案件実績
PS0906,P175,SK006,中級,7,PJ046,案件実績
PS0907,P175,SK013,中級,8,,自己申告
PS0908,P175,SK007,中級,8,,自己申告
PS0909,P175,SK008,初級,5,,自己申告
PS0910,P175,SK012,中級,6,,自己申告
PS0911,P176,SK021,中級,3,PJ038,案件実績
PS0912,P176,SK016,中級,7,PJ038,案件実績
PS0913,P176,SK009,中級,7,PJ018,案件実績
PS0914,P176,SK006,エキスパート,7,PJ017,案件実績
PS0915,P176,SK015,中級,10,PJ021,案件実績
PS0916,P176,SK004,中級,3,PJ021,案件実績
PS0917,P176,SK007,中級,6,PJ067,案件実績
PS0918,P176,SK012,エキスパート,9,PJ078,案件実績
PS0919,P176,SK020,中級,9,,自己申告
PS0920,P176,SK008,上級,6,,自己申告
PS0921,P176,SK013,上級,3,,自己申告
PS0922,P177,SK023,上級,13,PJ015,案件実績
PS0923,P177,SK019,エキスパート,5,PJ015,案件実績
PS0924,P177,SK003,上級,15,PJ031,案件実績
PS0925,P177,SK014,エキスパート,6,PJ031,案件実績
PS0926,P177,SK016,上級,14,,自己申告
PS0927,P177,SK017,上級,15,,自己申告
PS0928,P177,SK025,エキスパート,14,,自己申告
PS0929,P178,SK005,エキスパート,9,PJ062,案件実績
PS0930,P178,SK009,中級,7,,自己申告
PS0931,P178,SK016,上級,13,,自己申告
PS0932,P178,SK021,中級,2,,自己申告
PS0933,P178,SK018,中級,1,,自己申告
PS0934,P179,SK022,上級,11,PJ009,案件実績
PS0935,P179,SK007,エキスパート,14,PJ009,案件実績
PS0936,P179,SK020,中級,6,,自己申告
PS0937,P179,SK012,中級,2,,自己申告
PS0938,P180,SK005,エキスパート,15,PJ029,案件実績
PS0939,P180,SK008,エキスパート,12,PJ028,案件実績
PS0940,P180,SK006,エキスパート,13,PJ046,案件実績
PS0941,P180,SK002,上級,3,PJ046,案件実績
PS0942,P180,SK013,エキスパート,9,,自己申告
PS0943,P180,SK020,エキスパート,10,,自己申告
PS0944,P180,SK007,上級,4,,自己申告
PS0945,P181,SK019,初級,1,PJ075,案件実績
PS0946,P181,SK004,初級,1,PJ051,案件実績
PS0947,P181,SK024,中級,4,PJ051,案件実績
PS0948,P181,SK016,中級,3,,自己申告
PS0949,P182,SK008,中級,2,PJ067,案件実績
PS0950,P182,SK006,中級,2,PJ052,案件実績
PS0951,P182,SK011,中級,1,PJ052,案件実績
PS0952,P182,SK013,初級,2,,自己申告
PS0953,P182,SK020,中級,2,,自己申告
PS0954,P183,SK021,中級,5,PJ026,案件実績
PS0955,P183,SK005,中級,2,PJ023,案件実績
PS0956,P183,SK016,上級,5,PJ032,案件実績
PS0957,P183,SK003,中級,2,PJ032,案件実績
PS0958,P183,SK012,中級,10,PJ078,案件実績
PS0959,P183,SK009,中級,6,,自己申告
PS0960,P184,SK001,エキスパート,13,PJ027,案件実績
PS0961,P184,SK014,上級,12,PJ027,案件実績
PS0962,P184,SK004,エキスパート,6,PJ021,案件実績
PS0963,P184,SK005,エキスパート,9,PJ021,案件実績
PS0964,P184,SK015,エキスパート,11,PJ035,案件実績
PS0965,P184,SK020,上級,14,PJ035,案件実績
PS0966,P184,SK010,上級,6,PJ066,案件実績
PS0967,P184,SK006,上級,14,,自己申告
PS0968,P185,SK009,上級,7,PJ005,案件実績
PS0969,P185,SK023,上級,3,PJ015,案件実績
PS0970,P185,SK019,上級,14,,自己申告
PS0971,P185,SK010,中級,2,,自己申告
PS0972,P186,SK015,中級,9,PJ074,案件実績
PS0973,P186,SK016,中級,5,,自己申告
PS0974,P186,SK012,中級,3,,自己申告
PS0975,P186,SK020,中級,8,,自己申告
PS0976,P187,SK003,上級,8,PJ030,案件実績
PS0977,P187,SK014,エキスパート,8,PJ030,案件実績
PS0978,P187,SK006,上級,7,PJ025,案件実績
PS0979,P187,SK002,中級,5,PJ025,案件実績
PS0980,P187,SK016,中級,8,PJ077,案件実績
PS0981,P187,SK020,中級,9,,自己申告
PS0982,P187,SK007,中級,2,,自己申告
PS0983,P187,SK012,中級,1,,自己申告
PS0984,P187,SK008,中級,5,,自己申告
PS0985,P188,SK016,エキスパート,11,PJ037,案件実績
PS0986,P188,SK019,中級,10,PJ037,案件実績
PS0987,P188,SK012,中級,1,PJ078,案件実績
PS0988,P188,SK014,エキスパート,9,PJ070,案件実績
PS0989,P188,SK010,中級,8,,自己申告
PS0990,P188,SK023,中級,2,,自己申告
PS0991,P189,SK023,中級,4,PJ008,案件実績
PS0992,P189,SK001,中級,4,PJ008,案件実績
PS0993,P189,SK014,中級,3,PJ069,案件実績
PS0994,P189,SK008,中級,1,,自己申告
PS0995,P189,SK007,中級,2,,自己申告
PS0996,P189,SK012,中級,2,,自己申告
PS0997,P189,SK020,中級,1,,自己申告
PS0998,P190,SK021,上級,12,PJ038,案件実績
PS0999,P190,SK016,上級,12,PJ038,案件実績
PS1000,P190,SK006,エキスパート,6,PJ013,案件実績
PS1001,P190,SK011,上級,10,PJ013,案件実績
PS1002,P190,SK007,上級,11,PJ028,案件実績
PS1003,P190,SK004,エキスパート,14,PJ023,案件実績
PS1004,P190,SK003,中級,2,PJ069,案件実績
PS1005,P190,SK014,エキスパート,7,PJ069,案件実績
PS1006,P190,SK005,エキスパート,15,PJ060,案件実績
PS1007,P190,SK020,上級,14,,自己申告
PS1008,P190,SK012,上級,10,,自己申告
PS1009,P190,SK013,上級,5,,自己申告
PS1010,P191,SK014,初級,2,PJ006,案件実績
PS1011,P191,SK020,初級,1,,自己申告
PS1012,P191,SK022,中級,4,,自己申告
PS1013,P191,SK012,初級,4,,自己申告
PS1014,P191,SK016,中級,1,,自己申告
PS1015,P192,SK021,エキスパート,14,PJ026,案件実績
PS1016,P192,SK014,エキスパート,11,PJ002,案件実績
PS1017,P192,SK015,エキスパート,5,PJ002,案件実績
PS1018,P192,SK012,エキスパート,9,PJ009,案件実績
PS1019,P192,SK004,中級,1,PJ068,案件実績
PS1020,P192,SK005,エキスパート,5,PJ068,案件実績
PS1021,P192,SK013,エキスパート,6,,自己申告
PS1022,P192,SK020,中級,1,,自己申告
PS1023,P192,SK008,エキスパート,8,,自己申告
PS1024,P193,SK005,中級,4,PJ004,案件実績
PS1025,P193,SK004,中級,4,PJ004,案件実績
PS1026,P193,SK016,中級,1,,自己申告
PS1027,P193,SK009,中級,4,,自己申告
PS1028,P193,SK021,中級,4,,自己申告
PS1029,P194,SK004,中級,2,PJ065,案件実績
PS1030,P194,SK005,中級,2,PJ065,案件実績
PS1031,P194,SK009,上級,8,,自己申告
PS1032,P194,SK021,中級,8,,自己申告
PS1033,P194,SK016,中級,1,,自己申告
PS1034,P194,SK018,上級,4,,自己申告
PS1035,P195,SK004,上級,6,PJ026,案件実績
PS1036,P195,SK021,エキスパート,9,PJ026,案件実績
PS1037,P195,SK009,上級,4,PJ038,案件実績
PS1038,P195,SK016,中級,4,PJ018,案件実績
PS1039,P195,SK006,中級,8,PJ025,案件実績
PS1040,P195,SK008,エキスパート,8,PJ005,案件実績
PS1041,P195,SK005,中級,2,PJ004,案件実績
PS1042,P195,SK023,中級,7,PJ059,案件実績
PS1043,P195,SK007,中級,7,,自己申告
PS1044,P195,SK012,中級,2,,自己申告
PS1045,P196,SK001,中級,6,PJ008,案件実績
PS1046,P196,SK023,上級,5,PJ008,案件実績
PS1047,P196,SK012,上級,6,PJ039,案件実績
PS1048,P196,SK009,中級,5,PJ039,案件実績
PS1049,P196,SK015,中級,5,PJ049,案件実績
PS1050,P196,SK016,初級,1,,自己申告
PS1051,P196,SK019,中級,5,,自己申告
PS1052,P197,SK005,エキスパート,11,PJ043,案件実績
PS1053,P197,SK021,上級,8,,自己申告
PS1054,P197,SK016,中級,4,,自己申告
PS1055,P197,SK009,中級,1,,自己申告
PS1056,P197,SK018,中級,6,,自己申告
PS1057,P198,SK003,初級,2,PJ031,案件実績
PS1058,P198,SK014,中級,2,PJ031,案件実績
PS1059,P198,SK011,中級,3,,自己申告
PS1060,P199,SK003,中級,2,PJ045,案件実績
PS1061,P199,SK020,中級,2,,自己申告
PS1062,P199,SK012,中級,5,,自己申告
PS1063,P200,SK014,中級,4,PJ069,案件実績
PS1064,P200,SK020,上級,13,,自己申告
PS1065,P200,SK012,中級,4,,自己申告
PS1066,P200,SK022,上級,15,,自己申告
