PersonCertificationId,PersonId,CertificationId,AcquiredDate,ExpiryDate
PC0001,P001,CT02,2024-12-29,2026-12-17
PC0002,P001,CT07,2023-09-05,2027-09-09
PC0003,P002,CT06,2023-10-10,2028-02-04
PC0004,P002,CT08,2023-01-29,2026-02-02
PC0005,P002,CT04,2025-12-24,2026-12-24
PC0006,P004,CT07,2025-10-04,2027-07-17
PC0007,P004,CT04,2023-12-25,2026-11-05
PC0008,P004,CT08,2025-03-06,2026-01-26
PC0009,P005,CT05,2026-03-07,2027-03-07
PC0010,P005,CT08,2024-01-21,2028-08-15
PC0011,P006,CT02,2025-01-21,2027-11-18
PC0012,P006,CT01,2022-11-06,2025-08-19
PC0013,P007,CT03,2023-05-01,2027-02-08
PC0014,P008,CT04,2026-02-23,2026-06-27
PC0015,P010,CT08,2026-03-01,2027-09-03
PC0016,P010,CT04,2025-08-22,2026-01-19
PC0017,P010,CT02,2024-02-05,2025-11-12
PC0018,P012,CT05,2026-05-31,2028-02-23
PC0019,P012,CT07,2024-06-16,2028-12-01
PC0020,P012,CT03,2025-12-23,2028-11-07
PC0021,P013,CT08,2024-01-05,2028-03-05
PC0022,P013,CT03,2026-04-30,2026-12-19
PC0023,P013,CT01,2023-07-08,2026-05-05
PC0024,P016,CT02,2025-09-17,2026-05-07
PC0025,P017,CT03,2024-06-24,2027-06-29
PC0026,P018,CT01,2026-03-04,2026-03-23
PC0027,P018,CT08,2026-01-20,2027-05-29
PC0028,P019,CT04,2026-01-09,2027-01-09
PC0029,P019,CT08,2025-06-02,2026-06-06
PC0030,P020,CT02,2024-06-06,2027-09-30
PC0031,P020,CT01,2024-06-03,2028-09-11
PC0032,P020,CT04,2025-03-06,2025-12-21
PC0033,P021,CT04,2024-08-20,2025-10-11
PC0034,P022,CT04,2024-05-23,2026-01-31
PC0035,P022,CT02,2023-02-26,2027-06-17
PC0036,P022,CT01,2024-11-06,2026-02-28
PC0037,P023,CT04,2026-06-04,2026-10-05
PC0038,P023,CT08,2025-02-10,2026-04-04
PC0039,P024,CT08,2025-01-18,2026-10-27
PC0040,P024,CT02,2023-03-03,2026-04-03
PC0041,P024,CT03,2025-03-20,2025-08-01
PC0042,P025,CT07,2023-04-29,2027-03-02
PC0043,P025,CT01,2025-12-08,2028-02-12
PC0044,P025,CT08,2026-02-04,2026-10-09
PC0045,P026,CT07,2023-12-21,2027-04-03
PC0046,P026,CT06,2023-10-28,2028-10-02
PC0047,P026,CT04,2023-04-22,2026-12-12
PC0048,P027,CT03,2023-08-14,2028-02-13
PC0049,P027,CT05,2024-05-04,2028-12-23
PC0050,P027,CT01,2024-06-25,2025-10-15
PC0051,P028,CT02,2023-01-19,2027-08-08
PC0052,P028,CT07,2025-09-10,2028-11-02
PC0053,P028,CT04,2023-07-17,2028-12-16
PC0054,P029,CT02,2025-11-28,2028-05-29
PC0055,P029,CT03,2023-02-01,2027-06-16
PC0056,P029,CT04,2022-10-30,2027-03-13
PC0057,P031,CT04,2025-08-16,2026-06-15
PC0058,P031,CT03,2025-07-12,2028-04-08
PC0059,P032,CT04,2024-11-26,2027-04-29
PC0060,P032,CT01,2024-03-08,2028-10-06
PC0061,P033,CT07,2023-06-19,2028-02-04
PC0062,P033,CT04,2022-11-07,2025-10-17
PC0063,P034,CT04,2025-12-28,2026-10-24
PC0064,P034,CT05,2025-12-05,2028-09-18
PC0065,P035,CT03,2026-02-05,2028-10-24
PC0066,P036,CT01,2026-03-16,2027-04-03
PC0067,P037,CT01,2025-07-01,2028-12-14
PC0068,P038,CT07,2025-09-28,2026-09-28
PC0069,P038,CT03,2024-03-14,2027-10-07
PC0070,P038,CT05,2023-11-23,2026-06-22
PC0071,P039,CT06,2026-01-06,2027-01-06
PC0072,P039,CT04,2025-10-13,2028-09-05
PC0073,P040,CT06,2023-10-23,2026-12-25
PC0074,P040,CT04,2023-07-13,2025-11-21
PC0075,P042,CT06,2023-10-21,2027-11-25
PC0076,P042,CT01,2024-02-07,2029-01-17
PC0077,P043,CT01,2024-06-23,2028-10-02
PC0078,P044,CT06,2023-10-27,2027-11-09
PC0079,P046,CT06,2024-03-24,2027-09-02
PC0080,P046,CT02,2026-04-04,2029-01-06
PC0081,P046,CT01,2025-11-01,2027-05-06
PC0082,P047,CT06,2023-06-19,2028-04-04
PC0083,P047,CT03,2023-12-27,2028-01-23
PC0084,P049,CT01,2025-01-16,2026-05-08
PC0085,P049,CT08,2026-04-16,2029-01-09
PC0086,P049,CT06,2025-04-03,2027-10-27
PC0087,P050,CT04,2024-12-21,2028-06-20
PC0088,P050,CT08,2025-09-11,2026-05-24
PC0089,P050,CT03,2025-12-26,2028-11-04
PC0090,P054,CT07,2023-08-03,2027-09-26
PC0091,P054,CT02,2026-02-15,2028-10-21
PC0092,P055,CT03,2025-08-13,2029-01-17
PC0093,P057,CT06,2022-11-15,2027-05-07
PC0094,P058,CT07,2024-03-24,2028-06-10
PC0095,P058,CT06,2025-02-07,2028-04-28
PC0096,P058,CT01,2024-10-08,2027-04-13
PC0097,P060,CT06,2025-07-17,2025-08-08
PC0098,P060,CT03,2023-12-17,2028-02-28
PC0099,P061,CT04,2024-05-02,2027-10-14
PC0100,P061,CT02,2024-12-21,2028-04-13
PC0101,P061,CT06,2025-06-14,2027-12-05
PC0102,P063,CT01,2024-09-27,2027-07-28
PC0103,P063,CT02,2025-08-24,2028-01-12
PC0104,P063,CT03,2025-03-04,2028-11-13
PC0105,P065,CT05,2025-02-17,2029-01-14
PC0106,P065,CT03,2024-04-30,2028-07-25
PC0107,P065,CT07,2024-01-15,2028-05-02
PC0108,P066,CT05,2024-12-29,2026-01-31
PC0109,P066,CT02,2024-07-05,2029-01-04
PC0110,P066,CT01,2024-12-13,2027-04-25
PC0111,P067,CT07,2024-05-05,2027-08-17
PC0112,P067,CT08,2025-05-03,2027-02-15
PC0113,P067,CT05,2023-01-22,2027-09-28
PC0114,P068,CT08,2023-04-21,2027-04-13
PC0115,P068,CT05,2025-10-19,2029-01-14
PC0116,P069,CT02,2024-10-19,2026-10-31
PC0117,P069,CT05,2023-03-08,2026-01-02
PC0118,P069,CT03,2023-10-27,2026-10-09
PC0119,P070,CT05,2024-07-25,2027-12-25
PC0120,P071,CT08,2023-09-05,2027-08-07
PC0121,P071,CT03,2025-09-12,2025-10-16
PC0122,P071,CT01,2023-08-24,2028-09-11
PC0123,P072,CT08,2024-02-22,2025-07-19
PC0124,P074,CT06,2025-01-23,2028-02-01
PC0125,P074,CT05,2023-12-31,2026-06-04
PC0126,P074,CT02,2026-05-02,2027-12-18
PC0127,P075,CT04,2025-02-14,2028-04-15
PC0128,P075,CT08,2025-07-01,2027-01-19
PC0129,P075,CT05,2023-03-06,2028-02-15
PC0130,P076,CT01,2023-09-08,2028-08-05
PC0131,P077,CT03,2025-11-12,2026-06-15
PC0132,P077,CT05,2026-02-17,2027-04-27
PC0133,P077,CT04,2024-10-12,2028-03-11
PC0134,P078,CT08,2024-12-03,2028-01-18
PC0135,P078,CT06,2025-08-14,2028-12-01
PC0136,P079,CT03,2025-04-25,2028-07-25
PC0137,P079,CT05,2024-11-17,2027-09-29
PC0138,P080,CT02,2024-02-06,2027-07-05
PC0139,P080,CT05,2023-05-13,2026-06-28
PC0140,P081,CT08,2026-02-08,2026-10-27
PC0141,P081,CT05,2024-12-29,2028-04-22
PC0142,P081,CT03,2022-12-16,2028-03-29
PC0143,P083,CT05,2023-06-22,2028-08-31
PC0144,P083,CT07,2024-06-03,2027-11-11
PC0145,P085,CT05,2025-06-23,2027-12-23
PC0146,P085,CT01,2024-06-14,2028-11-08
PC0147,P085,CT07,2026-01-05,2027-11-26
PC0148,P086,CT08,2025-09-12,2027-04-01
PC0149,P086,CT06,2023-07-24,2028-10-23
PC0150,P086,CT02,2024-08-13,2026-11-01
PC0151,P087,CT03,2025-03-31,2028-03-07
PC0152,P087,CT01,2024-08-17,2026-10-24
PC0153,P087,CT02,2024-09-02,2026-12-09
PC0154,P088,CT07,2025-03-12,2028-06-09
PC0155,P089,CT04,2025-07-10,2027-01-05
PC0156,P091,CT04,2022-12-15,2027-09-06
PC0157,P091,CT05,2025-02-03,2028-07-31
PC0158,P092,CT08,2023-05-23,2025-12-20
PC0159,P092,CT02,2025-06-11,2028-10-07
PC0160,P092,CT04,2026-01-30,2026-07-06
PC0161,P093,CT04,2023-08-13,2027-01-18
PC0162,P093,CT03,2025-08-10,2026-03-10
PC0163,P094,CT07,2026-05-15,2028-05-12
PC0164,P095,CT07,2025-10-03,2027-12-02
PC0165,P096,CT01,2025-10-08,2028-03-07
PC0166,P096,CT07,2023-07-27,2027-02-19
PC0167,P096,CT05,2023-12-05,2027-11-02
PC0168,P098,CT07,2025-07-16,2026-04-24
PC0169,P098,CT03,2023-10-13,2028-02-28
PC0170,P100,CT03,2025-02-01,2028-06-15
PC0171,P101,CT07,2026-04-25,2027-05-09
PC0172,P101,CT03,2025-03-05,2027-08-01
PC0173,P102,CT02,2022-10-24,2028-02-12
PC0174,P102,CT07,2023-07-21,2026-04-24
PC0175,P102,CT04,2026-01-28,2028-02-07
PC0176,P103,CT03,2026-05-26,2027-12-31
PC0177,P103,CT08,2025-01-30,2028-02-25
PC0178,P103,CT07,2024-12-12,2028-06-19
PC0179,P104,CT08,2022-10-21,2027-12-15
PC0180,P104,CT01,2024-11-11,2027-12-09
PC0181,P104,CT02,2024-11-12,2027-01-31
PC0182,P105,CT06,2024-05-24,2026-11-28
PC0183,P107,CT08,2025-05-14,2027-04-07
PC0184,P107,CT07,2023-02-12,2028-10-08
PC0185,P107,CT06,2025-03-10,2028-04-22
PC0186,P108,CT03,2022-12-31,2027-03-18
PC0187,P109,CT07,2024-12-05,2025-09-18
PC0188,P109,CT01,2024-07-14,2028-06-10
PC0189,P109,CT08,2024-10-13,2027-09-25
PC0190,P110,CT08,2024-03-20,2027-12-02
PC0191,P110,CT06,2023-06-26,2027-01-20
PC0192,P111,CT03,2026-05-09,2028-07-30
PC0193,P111,CT02,2023-01-27,2025-09-29
PC0194,P111,CT05,2025-02-17,2029-01-14
PC0195,P112,CT08,2023-02-27,2026-05-17
PC0196,P112,CT05,2024-05-21,2028-07-29
PC0197,P113,CT02,2026-02-19,2027-02-19
PC0198,P115,CT06,2025-12-23,2026-12-23
PC0199,P117,CT08,2023-12-27,2026-10-26
PC0200,P117,CT07,2025-10-09,2026-10-18
PC0201,P119,CT05,2025-08-06,2028-04-06
PC0202,P119,CT04,2024-10-01,2028-06-14
PC0203,P120,CT02,2022-12-30,2028-07-13
PC0204,P122,CT08,2026-04-29,2028-02-23
PC0205,P122,CT07,2025-03-18,2028-05-04
PC0206,P122,CT02,2024-10-17,2028-02-15
PC0207,P123,CT02,2026-05-27,2028-12-20
PC0208,P124,CT07,2024-05-21,2025-07-02
PC0209,P124,CT04,2024-08-27,2028-07-10
PC0210,P126,CT06,2024-09-13,2029-01-12
PC0211,P127,CT04,2025-08-19,2026-12-12
PC0212,P127,CT01,2024-11-11,2026-11-23
PC0213,P127,CT07,2024-07-29,2027-01-05
PC0214,P128,CT01,2025-11-27,2028-10-02
PC0215,P128,CT04,2025-05-24,2026-04-09
PC0216,P128,CT07,2022-10-26,2027-11-21
PC0217,P129,CT07,2023-10-15,2027-05-20
PC0218,P129,CT08,2023-10-12,2025-09-08
PC0219,P130,CT01,2024-10-08,2026-11-29
PC0220,P130,CT07,2026-04-08,2028-08-11
PC0221,P132,CT03,2025-10-16,2028-02-14
PC0222,P132,CT04,2025-06-08,2027-04-23
PC0223,P132,CT05,2023-01-14,2026-12-27
PC0224,P133,CT03,2023-01-01,2028-08-09
PC0225,P133,CT07,2026-01-23,2027-02-09
PC0226,P133,CT05,2025-11-02,2027-08-07
PC0227,P135,CT02,2025-02-23,2028-01-09
PC0228,P135,CT03,2022-12-10,2027-05-10
PC0229,P136,CT05,2025-02-21,2028-10-06
PC0230,P136,CT01,2025-05-24,2025-10-23
PC0231,P137,CT03,2026-05-25,2028-03-12
PC0232,P137,CT04,2023-12-23,2026-10-09
PC0233,P139,CT04,2023-09-11,2025-08-12
PC0234,P139,CT05,2023-06-25,2028-01-31
PC0235,P139,CT07,2025-10-26,2027-07-22
PC0236,P140,CT03,2022-12-15,2027-06-21
PC0237,P140,CT01,2026-05-06,2028-07-05
PC0238,P142,CT01,2022-11-08,2027-01-10
PC0239,P143,CT03,2024-08-19,2025-12-17
PC0240,P143,CT08,2022-12-28,2027-01-03
PC0241,P143,CT07,2024-10-02,2026-02-24
PC0242,P144,CT05,2025-08-12,2028-06-02
PC0243,P144,CT02,2024-12-05,2026-05-07
PC0244,P144,CT08,2025-10-26,2026-11-20
PC0245,P147,CT06,2024-05-06,2027-10-26
PC0246,P148,CT03,2024-08-12,2028-04-25
PC0247,P148,CT07,2025-05-21,2026-04-28
PC0248,P149,CT02,2024-08-03,2026-04-08
PC0249,P150,CT01,2023-10-22,2025-10-13
PC0250,P150,CT08,2023-10-02,2026-01-09
PC0251,P154,CT04,2023-05-27,2026-04-12
PC0252,P154,CT02,2023-12-20,2027-09-02
PC0253,P154,CT05,2024-08-26,2026-03-17
PC0254,P157,CT05,2024-01-12,2028-03-31
PC0255,P158,CT08,2025-06-05,2027-09-09
PC0256,P159,CT05,2025-10-11,2029-01-10
PC0257,P161,CT07,2025-04-22,2027-08-12
PC0258,P162,CT06,2023-11-05,2028-01-13
PC0259,P162,CT07,2024-01-18,2027-09-26
PC0260,P162,CT05,2023-05-29,2027-05-16
PC0261,P164,CT07,2025-02-25,2026-06-16
PC0262,P164,CT05,2025-05-08,2027-09-10
PC0263,P164,CT06,2023-09-16,2026-03-04
PC0264,P165,CT01,2024-08-15,2027-11-06
PC0265,P165,CT08,2025-05-28,2028-10-11
PC0266,P166,CT08,2025-11-16,2026-11-16
PC0267,P167,CT02,2025-09-28,2027-11-01
PC0268,P167,CT04,2023-08-09,2028-01-17
PC0269,P168,CT05,2026-03-01,2028-12-05
PC0270,P169,CT02,2025-10-23,2026-12-09
PC0271,P172,CT02,2026-02-19,2028-11-18
PC0272,P174,CT06,2026-04-03,2027-09-27
PC0273,P174,CT01,2025-11-04,2028-04-10
PC0274,P174,CT08,2023-01-10,2028-03-11
PC0275,P175,CT03,2025-09-11,2028-08-21
PC0276,P177,CT04,2025-05-16,2028-05-29
PC0277,P177,CT03,2026-04-25,2027-09-03
PC0278,P178,CT01,2023-06-02,2027-05-15
PC0279,P178,CT08,2024-12-06,2028-12-05
PC0280,P179,CT05,2024-02-12,2025-11-07
PC0281,P179,CT07,2025-06-07,2028-11-02
PC0282,P181,CT02,2025-01-20,2028-12-26
PC0283,P181,CT01,2026-03-16,2027-02-18
PC0284,P181,CT06,2023-08-11,2027-11-28
PC0285,P184,CT05,2026-04-11,2027-07-24
PC0286,P185,CT06,2025-03-20,2027-09-02
PC0287,P185,CT03,2024-06-06,2026-12-20
PC0288,P185,CT05,2022-10-27,2026-02-18
PC0289,P186,CT03,2026-05-23,2028-07-18
PC0290,P186,CT06,2025-04-06,2028-08-25
PC0291,P186,CT02,2024-08-15,2028-12-14
PC0292,P187,CT02,2022-11-28,2027-10-29
PC0293,P188,CT01,2023-10-30,2028-10-22
PC0294,P188,CT07,2026-02-21,2028-07-24
PC0295,P189,CT04,2022-10-06,2028-11-21
PC0296,P189,CT06,2025-12-03,2028-09-29
PC0297,P189,CT07,2023-08-05,2028-09-29
PC0298,P190,CT06,2025-04-11,2026-10-05
PC0299,P190,CT03,2026-05-23,2028-08-28
PC0300,P191,CT02,2024-04-07,2026-06-05
PC0301,P191,CT03,2025-08-22,2025-10-09
PC0302,P193,CT03,2024-10-25,2028-08-15
PC0303,P194,CT07,2025-11-04,2028-06-16
PC0304,P194,CT01,2025-10-29,2028-06-28
PC0305,P195,CT04,2022-12-12,2028-06-03
PC0306,P196,CT06,2025-12-17,2028-04-14
PC0307,P196,CT02,2024-03-17,2027-07-23
PC0308,P198,CT07,2023-01-19,2026-01-15
PC0309,P198,CT08,2025-06-03,2028-09-17
PC0310,P200,CT08,2025-03-12,2027-05-13
PC0311,P200,CT05,2024-03-02,2027-09-03
