ProjectRequiredSkillId,ProjectId,SkillId,Requirement
PJ001-SK004,PJ001,SK004,必須
PJ001-SK005,PJ001,SK005,必須
PJ001-SK001,PJ001,SK001,必須
PJ002-SK001,PJ002,SK001,必須
PJ002-SK014,PJ002,SK014,必須
PJ002-SK015,PJ002,SK015,必須
PJ003-SK002,PJ003,SK002,必須
PJ003-SK006,PJ003,SK006,必須
PJ003-SK011,PJ003,SK011,必須
PJ004-SK004,PJ004,SK004,必須
PJ004-SK005,PJ004,SK005,必須
PJ005-SK007,PJ005,SK007,必須
PJ005-SK008,PJ005,SK008,必須
PJ005-SK009,PJ005,SK009,必須
PJ006-SK003,PJ006,SK003,必須
PJ006-SK014,PJ006,SK014,必須
PJ007-SK006,PJ007,SK006,必須
PJ007-SK002,PJ007,SK002,必須
PJ007-SK021,PJ007,SK021,必須
PJ008-SK001,PJ008,SK001,必須
PJ008-SK014,PJ008,SK014,必須
PJ008-SK023,PJ008,SK023,必須
PJ009-SK007,PJ009,SK007,必須
PJ009-SK012,PJ009,SK012,必須
PJ009-SK022,PJ009,SK022,必須
PJ010-SK015,PJ010,SK015,必須
PJ010-SK014,PJ010,SK014,必須
PJ011-SK004,PJ011,SK004,必須
PJ011-SK005,PJ011,SK005,必須
PJ011-SK022,PJ011,SK022,必須
PJ012-SK004,PJ012,SK004,必須
PJ012-SK024,PJ012,SK024,必須
PJ013-SK006,PJ013,SK006,必須
PJ013-SK011,PJ013,SK011,必須
PJ014-SK001,PJ014,SK001,必須
PJ014-SK014,PJ014,SK014,必須
PJ015-SK019,PJ015,SK019,必須
PJ015-SK023,PJ015,SK023,必須
PJ016-SK001,PJ016,SK001,必須
PJ016-SK021,PJ016,SK021,必須
PJ017-SK006,PJ017,SK006,必須
PJ017-SK002,PJ017,SK002,必須
PJ018-SK009,PJ018,SK009,必須
PJ018-SK016,PJ018,SK016,必須
PJ018-SK021,PJ018,SK021,必須
PJ019-SK004,PJ019,SK004,必須
PJ019-SK019,PJ019,SK019,必須
PJ020-SK001,PJ020,SK001,必須
PJ020-SK004,PJ020,SK004,必須
PJ020-SK023,PJ020,SK023,必須
PJ021-SK004,PJ021,SK004,必須
PJ021-SK005,PJ021,SK005,必須
PJ021-SK015,PJ021,SK015,必須
PJ022-SK001,PJ022,SK001,必須
PJ022-SK014,PJ022,SK014,必須
PJ022-SK023,PJ022,SK023,必須
PJ023-SK004,PJ023,SK004,必須
PJ023-SK005,PJ023,SK005,必須
PJ023-SK021,PJ023,SK021,必須
PJ024-SK001,PJ024,SK001,必須
PJ024-SK014,PJ024,SK014,必須
PJ025-SK002,PJ025,SK002,必須
PJ025-SK006,PJ025,SK006,必須
PJ026-SK004,PJ026,SK004,必須
PJ026-SK005,PJ026,SK005,必須
PJ026-SK021,PJ026,SK021,必須
PJ027-SK001,PJ027,SK001,必須
PJ027-SK010,PJ027,SK010,必須
PJ027-SK014,PJ027,SK014,必須
PJ028-SK007,PJ028,SK007,必須
PJ028-SK008,PJ028,SK008,必須
PJ029-SK004,PJ029,SK004,必須
PJ029-SK005,PJ029,SK005,必須
PJ030-SK001,PJ030,SK001,必須
PJ030-SK014,PJ030,SK014,必須
PJ030-SK003,PJ030,SK003,必須
PJ031-SK003,PJ031,SK003,必須
PJ031-SK014,PJ031,SK014,必須
PJ032-SK003,PJ032,SK003,必須
PJ032-SK016,PJ032,SK016,必須
PJ033-SK003,PJ033,SK003,必須
PJ033-SK014,PJ033,SK014,必須
PJ033-SK019,PJ033,SK019,必須
PJ034-SK015,PJ034,SK015,必須
PJ034-SK019,PJ034,SK019,必須
PJ035-SK015,PJ035,SK015,必須
PJ035-SK020,PJ035,SK020,必須
PJ036-SK019,PJ036,SK019,必須
PJ036-SK016,PJ036,SK016,必須
PJ036-SK017,PJ036,SK017,必須
PJ037-SK019,PJ037,SK019,必須
PJ037-SK016,PJ037,SK016,必須
PJ038-SK009,PJ038,SK009,必須
PJ038-SK016,PJ038,SK016,必須
PJ038-SK021,PJ038,SK021,必須
PJ039-SK009,PJ039,SK009,必須
PJ039-SK012,PJ039,SK012,必須
PJ040-SK004,PJ040,SK004,必須
PJ040-SK005,PJ040,SK005,必須
PJ040-SK001,PJ040,SK001,必須
PJ041-SK001,PJ041,SK001,必須
PJ041-SK014,PJ041,SK014,必須
PJ041-SK015,PJ041,SK015,必須
PJ042-SK002,PJ042,SK002,必須
PJ042-SK006,PJ042,SK006,必須
PJ042-SK011,PJ042,SK011,必須
PJ043-SK004,PJ043,SK004,必須
PJ043-SK005,PJ043,SK005,必須
PJ044-SK007,PJ044,SK007,必須
PJ044-SK008,PJ044,SK008,必須
PJ044-SK009,PJ044,SK009,必須
PJ045-SK003,PJ045,SK003,必須
PJ045-SK014,PJ045,SK014,必須
PJ046-SK006,PJ046,SK006,必須
PJ046-SK002,PJ046,SK002,必須
PJ046-SK021,PJ046,SK021,必須
PJ047-SK001,PJ047,SK001,必須
PJ047-SK014,PJ047,SK014,必須
PJ047-SK023,PJ047,SK023,必須
PJ048-SK007,PJ048,SK007,必須
PJ048-SK012,PJ048,SK012,必須
PJ048-SK022,PJ048,SK022,必須
PJ049-SK015,PJ049,SK015,必須
PJ049-SK014,PJ049,SK014,必須
PJ050-SK004,PJ050,SK004,必須
PJ050-SK005,PJ050,SK005,必須
PJ050-SK022,PJ050,SK022,必須
PJ051-SK004,PJ051,SK004,必須
PJ051-SK024,PJ051,SK024,必須
PJ052-SK006,PJ052,SK006,必須
PJ052-SK011,PJ052,SK011,必須
PJ053-SK001,PJ053,SK001,必須
PJ053-SK014,PJ053,SK014,必須
PJ054-SK019,PJ054,SK019,必須
PJ054-SK023,PJ054,SK023,必須
PJ055-SK001,PJ055,SK001,必須
PJ055-SK021,PJ055,SK021,必須
PJ056-SK006,PJ056,SK006,必須
PJ056-SK002,PJ056,SK002,必須
PJ057-SK009,PJ057,SK009,必須
PJ057-SK016,PJ057,SK016,必須
PJ057-SK021,PJ057,SK021,必須
PJ058-SK004,PJ058,SK004,必須
PJ058-SK019,PJ058,SK019,必須
PJ059-SK001,PJ059,SK001,必須
PJ059-SK004,PJ059,SK004,必須
PJ059-SK023,PJ059,SK023,必須
PJ060-SK004,PJ060,SK004,必須
PJ060-SK005,PJ060,SK005,必須
PJ060-SK015,PJ060,SK015,必須
PJ061-SK001,PJ061,SK001,必須
PJ061-SK014,PJ061,SK014,必須
PJ061-SK023,PJ061,SK023,必須
PJ062-SK004,PJ062,SK004,必須
PJ062-SK005,PJ062,SK005,必須
PJ062-SK021,PJ062,SK021,必須
PJ063-SK001,PJ063,SK001,必須
PJ063-SK014,PJ063,SK014,必須
PJ064-SK002,PJ064,SK002,必須
PJ064-SK006,PJ064,SK006,必須
PJ065-SK004,PJ065,SK004,必須
PJ065-SK005,PJ065,SK005,必須
PJ065-SK021,PJ065,SK021,必須
PJ066-SK001,PJ066,SK001,必須
PJ066-SK010,PJ066,SK010,必須
PJ066-SK014,PJ066,SK014,必須
PJ067-SK007,PJ067,SK007,必須
PJ067-SK008,PJ067,SK008,必須
PJ068-SK004,PJ068,SK004,必須
PJ068-SK005,PJ068,SK005,必須
PJ069-SK001,PJ069,SK001,必須
PJ069-SK014,PJ069,SK014,必須
PJ069-SK003,PJ069,SK003,必須
PJ070-SK003,PJ070,SK003,必須
PJ070-SK014,PJ070,SK014,必須
PJ071-SK003,PJ071,SK003,必須
PJ071-SK016,PJ071,SK016,必須
PJ072-SK003,PJ072,SK003,必須
PJ072-SK014,PJ072,SK014,必須
PJ072-SK019,PJ072,SK019,必須
PJ073-SK015,PJ073,SK015,必須
PJ073-SK019,PJ073,SK019,必須
PJ074-SK015,PJ074,SK015,必須
PJ074-SK020,PJ074,SK020,必須
PJ075-SK019,PJ075,SK019,必須
PJ075-SK016,PJ075,SK016,必須
PJ075-SK017,PJ075,SK017,必須
PJ076-SK019,PJ076,SK019,必須
PJ076-SK016,PJ076,SK016,必須
PJ077-SK009,PJ077,SK009,必須
PJ077-SK016,PJ077,SK016,必須
PJ077-SK021,PJ077,SK021,必須
PJ078-SK009,PJ078,SK009,必須
PJ078-SK012,PJ078,SK012,必須
PJ079-SK004,PJ079,SK004,必須
PJ079-SK005,PJ079,SK005,必須
PJ079-SK001,PJ079,SK001,必須
PJ080-SK001,PJ080,SK001,必須
PJ080-SK014,PJ080,SK014,必須
PJ080-SK015,PJ080,SK015,必須
PJ081-SK002,PJ081,SK002,必須
PJ081-SK006,PJ081,SK006,必須
PJ081-SK011,PJ081,SK011,必須
PJ082-SK004,PJ082,SK004,必須
PJ082-SK005,PJ082,SK005,必須
PJ083-SK007,PJ083,SK007,必須
PJ083-SK008,PJ083,SK008,必須
PJ083-SK009,PJ083,SK009,必須
PJ084-SK003,PJ084,SK003,必須
PJ084-SK014,PJ084,SK014,必須
PJ085-SK006,PJ085,SK006,必須
PJ085-SK002,PJ085,SK002,必須
PJ085-SK021,PJ085,SK021,必須
PJ086-SK001,PJ086,SK001,必須
PJ086-SK014,PJ086,SK014,必須
PJ086-SK023,PJ086,SK023,必須
PJ087-SK007,PJ087,SK007,必須
PJ087-SK012,PJ087,SK012,必須
PJ087-SK022,PJ087,SK022,必須
PJ088-SK015,PJ088,SK015,必須
PJ088-SK014,PJ088,SK014,必須
PJ089-SK004,PJ089,SK004,必須
PJ089-SK005,PJ089,SK005,必須
PJ089-SK022,PJ089,SK022,必須
PJ090-SK004,PJ090,SK004,必須
PJ090-SK024,PJ090,SK024,必須
PJ091-SK006,PJ091,SK006,必須
PJ091-SK011,PJ091,SK011,必須
PJ092-SK001,PJ092,SK001,必須
PJ092-SK014,PJ092,SK014,必須
PJ093-SK019,PJ093,SK019,必須
PJ093-SK023,PJ093,SK023,必須
